/Users/panda/Desktop/Lean/quick-test/harness/BridgeAll.lean:106:8: warning: declaration uses 'sorry'
/Users/panda/Desktop/Lean/quick-test/harness/BridgeAll.lean:197:8: warning: declaration uses 'sorry'
/Users/panda/Desktop/Lean/quick-test/harness/BridgeAll.lean:285:8: warning: declaration uses 'sorry'
/Users/panda/Desktop/Lean/quick-test/harness/BridgeAll.lean:389:8: warning: declaration uses 'sorry'
/Users/panda/Desktop/Lean/quick-test/harness/BridgeAll.lean:453:7: warning: unused variable `n`

Note: This linter can be disabled with `set_option linter.unusedVariables false`
/Users/panda/Desktop/Lean/quick-test/harness/BridgeAll.lean:472:4: error(lean.dependsOnNoncomputable): failed to compile definition, consider marking it as 'noncomputable' because it depends on 'Real.instFloorRing', which is 'noncomputable'
/Users/panda/Desktop/Lean/quick-test/harness/BridgeAll.lean:476:8: warning: declaration uses 'sorry'
/Users/panda/Desktop/Lean/quick-test/harness/BridgeAll.lean:573:8: warning: declaration uses 'sorry'
/Users/panda/Desktop/Lean/quick-test/harness/BridgeAll.lean:662:8: warning: declaration uses 'sorry'
/Users/panda/Desktop/Lean/quick-test/harness/BridgeAll.lean:758:8: warning: declaration uses 'sorry'
/Users/panda/Desktop/Lean/quick-test/harness/BridgeAll.lean:849:8: warning: declaration uses 'sorry'
/Users/panda/Desktop/Lean/quick-test/harness/BridgeAll.lean:935:4: error(lean.dependsOnNoncomputable): failed to compile definition, consider marking it as 'noncomputable' because it depends on 'Real.instFloorRing', which is 'noncomputable'
/Users/panda/Desktop/Lean/quick-test/harness/BridgeAll.lean:939:8: warning: declaration uses 'sorry'
/Users/panda/Desktop/Lean/quick-test/harness/BridgeAll.lean:1032:4: error(lean.dependsOnNoncomputable): failed to compile definition, consider marking it as 'noncomputable' because it depends on 'Real.instFloorRing', which is 'noncomputable'
/Users/panda/Desktop/Lean/quick-test/harness/BridgeAll.lean:1039:8: warning: declaration uses 'sorry'
/Users/panda/Desktop/Lean/quick-test/harness/BridgeAll.lean:1097:4: warning: unused variable `n`

Note: This linter can be disabled with `set_option linter.unusedVariables false`
/Users/panda/Desktop/Lean/quick-test/harness/BridgeAll.lean:1127:8: warning: declaration uses 'sorry'
/Users/panda/Desktop/Lean/quick-test/harness/BridgeAll.lean:1216:8: warning: declaration uses 'sorry'
/Users/panda/Desktop/Lean/quick-test/harness/BridgeAll.lean:1320:8: warning: declaration uses 'sorry'
/Users/panda/Desktop/Lean/quick-test/harness/BridgeAll.lean:1401:4: error(lean.dependsOnNoncomputable): failed to compile definition, consider marking it as 'noncomputable' because it depends on 'Real.instFloorRing', which is 'noncomputable'
/Users/panda/Desktop/Lean/quick-test/harness/BridgeAll.lean:1406:8: warning: declaration uses 'sorry'
/Users/panda/Desktop/Lean/quick-test/harness/BridgeAll.lean:1495:8: warning: declaration uses 'sorry'
/Users/panda/Desktop/Lean/quick-test/harness/BridgeAll.lean:1585:8: warning: declaration uses 'sorry'
/Users/panda/Desktop/Lean/quick-test/harness/BridgeAll.lean:1681:8: warning: declaration uses 'sorry'
/Users/panda/Desktop/Lean/quick-test/harness/BridgeAll.lean:1784:8: warning: declaration uses 'sorry'
/Users/panda/Desktop/Lean/quick-test/harness/BridgeAll.lean:1838:2: error(lean.synthInstanceFailed): failed to synthesize instance of type class
  HAdd (Fin b → ℝ) (Vec b) ?m.12

Hint: Type class instance resolution failures can be inspected with the `set_option trace.Meta.synthInstance true` command.
/Users/panda/Desktop/Lean/quick-test/harness/BridgeAll.lean:1872:8: error(lean.synthInstanceFailed): failed to synthesize instance of type class
  TopologicalSpace (Vec n)

Hint: Type class instance resolution failures can be inspected with the `set_option trace.Meta.synthInstance true` command.
/Users/panda/Desktop/Lean/quick-test/harness/BridgeAll.lean:1875:34: error(lean.synthInstanceFailed): failed to synthesize instance of type class
  TopologicalSpace (Vec n)

Hint: Type class instance resolution failures can be inspected with the `set_option trace.Meta.synthInstance true` command.
/Users/panda/Desktop/Lean/quick-test/harness/BridgeAll.lean:1878:4: error(lean.dependsOnNoncomputable): failed to compile definition, consider marking it as 'noncomputable' because it depends on 'Real.instFloorRing', which is 'noncomputable'
/Users/panda/Desktop/Lean/quick-test/harness/BridgeAll.lean:1882:8: warning: declaration uses 'sorry'
/Users/panda/Desktop/Lean/quick-test/harness/BridgeAll.lean:1947:30: warning: unused variable `k`

Note: This linter can be disabled with `set_option linter.unusedVariables false`
/Users/panda/Desktop/Lean/quick-test/harness/BridgeAll.lean:1980:8: warning: declaration uses 'sorry'
/Users/panda/Desktop/Lean/quick-test/harness/BridgeAll.lean:2058:8: warning: declaration uses 'sorry'
/Users/panda/Desktop/Lean/quick-test/harness/BridgeAll.lean:2148:8: warning: declaration uses 'sorry'
/Users/panda/Desktop/Lean/quick-test/harness/BridgeAll.lean:2237:4: error(lean.dependsOnNoncomputable): failed to compile definition, consider marking it as 'noncomputable' because it depends on 'Real.instFloorRing', which is 'noncomputable'
/Users/panda/Desktop/Lean/quick-test/harness/BridgeAll.lean:2243:8: warning: declaration uses 'sorry'
/Users/panda/Desktop/Lean/quick-test/harness/BridgeAll.lean:2341:8: warning: declaration uses 'sorry'
/Users/panda/Desktop/Lean/quick-test/harness/BridgeAll.lean:2439:8: warning: declaration uses 'sorry'
/Users/panda/Desktop/Lean/quick-test/harness/BridgeAll.lean:2481:7: error: elaboration function for `Mathlib.Tactic.subscriptTerm` has not been implemented
  ᵥ
/Users/panda/Desktop/Lean/quick-test/harness/BridgeAll.lean:2528:8: warning: declaration uses 'sorry'
/Users/panda/Desktop/Lean/quick-test/harness/BridgeAll.lean:2616:8: warning: declaration uses 'sorry'
/Users/panda/Desktop/Lean/quick-test/harness/BridgeAll.lean:2747:8: warning: declaration uses 'sorry'
/Users/panda/Desktop/Lean/quick-test/harness/BridgeAll.lean:2839:4: error(lean.dependsOnNoncomputable): failed to compile definition, consider marking it as 'noncomputable' because it depends on 'Real.instFloorRing', which is 'noncomputable'
/Users/panda/Desktop/Lean/quick-test/harness/BridgeAll.lean:2843:8: warning: declaration uses 'sorry'
/Users/panda/Desktop/Lean/quick-test/harness/BridgeAll.lean:2927:8: warning: declaration uses 'sorry'
/Users/panda/Desktop/Lean/quick-test/harness/BridgeAll.lean:3017:8: warning: declaration uses 'sorry'
/Users/panda/Desktop/Lean/quick-test/harness/BridgeAll.lean:3100:8: warning: declaration uses 'sorry'
/Users/panda/Desktop/Lean/quick-test/harness/BridgeAll.lean:3211:8: warning: declaration uses 'sorry'
/Users/panda/Desktop/Lean/quick-test/harness/BridgeAll.lean:3311:8: warning: declaration uses 'sorry'
/Users/panda/Desktop/Lean/quick-test/harness/BridgeAll.lean:3396:8: warning: declaration uses 'sorry'
/Users/panda/Desktop/Lean/quick-test/harness/BridgeAll.lean:3497:4: error(lean.dependsOnNoncomputable): failed to compile definition, consider marking it as 'noncomputable' because it depends on 'Real.instFloorRing', which is 'noncomputable'
/Users/panda/Desktop/Lean/quick-test/harness/BridgeAll.lean:3501:8: warning: declaration uses 'sorry'
/Users/panda/Desktop/Lean/quick-test/harness/BridgeAll.lean:3605:8: warning: declaration uses 'sorry'
/Users/panda/Desktop/Lean/quick-test/harness/BridgeAll.lean:3696:8: warning: declaration uses 'sorry'
/Users/panda/Desktop/Lean/quick-test/harness/BridgeAll.lean:3762:4: error(lean.dependsOnNoncomputable): failed to compile definition, consider marking it as 'noncomputable' because it depends on 'Real.instFloorRing', which is 'noncomputable'
/Users/panda/Desktop/Lean/quick-test/harness/BridgeAll.lean:3766:8: warning: declaration uses 'sorry'
/Users/panda/Desktop/Lean/quick-test/harness/BridgeAll.lean:3846:4: error(lean.dependsOnNoncomputable): failed to compile definition, consider marking it as 'noncomputable' because it depends on 'Real.instFloorRing', which is 'noncomputable'
/Users/panda/Desktop/Lean/quick-test/harness/BridgeAll.lean:3850:8: warning: declaration uses 'sorry'
/Users/panda/Desktop/Lean/quick-test/harness/BridgeAll.lean:3921:3: warning: `List.Chain'` has been deprecated: Use `List.IsChain` instead
/Users/panda/Desktop/Lean/quick-test/harness/BridgeAll.lean:3955:8: warning: declaration uses 'sorry'
/Users/panda/Desktop/Lean/quick-test/harness/BridgeAll.lean:4048:4: error(lean.dependsOnNoncomputable): failed to compile definition, consider marking it as 'noncomputable' because it depends on 'Real.instFloorRing', which is 'noncomputable'
/Users/panda/Desktop/Lean/quick-test/harness/BridgeAll.lean:4052:8: warning: declaration uses 'sorry'
/Users/panda/Desktop/Lean/quick-test/harness/BridgeAll.lean:4129:8: warning: declaration uses 'sorry'
/Users/panda/Desktop/Lean/quick-test/harness/BridgeAll.lean:4220:8: warning: declaration uses 'sorry'
/Users/panda/Desktop/Lean/quick-test/harness/BridgeAll.lean:4316:4: error(lean.dependsOnNoncomputable): failed to compile definition, consider marking it as 'noncomputable' because it depends on 'Real.instFloorRing', which is 'noncomputable'
/Users/panda/Desktop/Lean/quick-test/harness/BridgeAll.lean:4320:8: warning: declaration uses 'sorry'
/Users/panda/Desktop/Lean/quick-test/harness/BridgeAll.lean:4396:4: error(lean.dependsOnNoncomputable): failed to compile definition, consider marking it as 'noncomputable' because it depends on 'Real.instFloorRing', which is 'noncomputable'
/Users/panda/Desktop/Lean/quick-test/harness/BridgeAll.lean:4404:8: warning: declaration uses 'sorry'
/Users/panda/Desktop/Lean/quick-test/harness/BridgeAll.lean:4484:8: warning: declaration uses 'sorry'
/Users/panda/Desktop/Lean/quick-test/harness/BridgeAll.lean:4572:8: warning: declaration uses 'sorry'
/Users/panda/Desktop/Lean/quick-test/harness/BridgeAll.lean:4664:8: warning: declaration uses 'sorry'
/Users/panda/Desktop/Lean/quick-test/harness/BridgeAll.lean:4751:8: warning: declaration uses 'sorry'
/Users/panda/Desktop/Lean/quick-test/harness/BridgeAll.lean:4857:8: warning: declaration uses 'sorry'
/Users/panda/Desktop/Lean/quick-test/harness/BridgeAll.lean:4945:8: warning: declaration uses 'sorry'
/Users/panda/Desktop/Lean/quick-test/harness/BridgeAll.lean:5045:8: warning: declaration uses 'sorry'
/Users/panda/Desktop/Lean/quick-test/harness/BridgeAll.lean:5087:4: warning: unused variable `n`

Note: This linter can be disabled with `set_option linter.unusedVariables false`
/Users/panda/Desktop/Lean/quick-test/harness/BridgeAll.lean:5120:4: error(lean.dependsOnNoncomputable): failed to compile definition, consider marking it as 'noncomputable' because it depends on 'Real.instFloorRing', which is 'noncomputable'
/Users/panda/Desktop/Lean/quick-test/harness/BridgeAll.lean:5124:8: warning: declaration uses 'sorry'
/Users/panda/Desktop/Lean/quick-test/harness/BridgeAll.lean:5233:8: warning: declaration uses 'sorry'
/Users/panda/Desktop/Lean/quick-test/harness/BridgeAll.lean:5329:8: warning: declaration uses 'sorry'
/Users/panda/Desktop/Lean/quick-test/harness/BridgeAll.lean:5429:8: warning: declaration uses 'sorry'
/Users/panda/Desktop/Lean/quick-test/harness/BridgeAll.lean:5501:4: warning: unused variable `n`

Note: This linter can be disabled with `set_option linter.unusedVariables false`
/Users/panda/Desktop/Lean/quick-test/harness/BridgeAll.lean:5536:8: warning: declaration uses 'sorry'
/Users/panda/Desktop/Lean/quick-test/harness/BridgeAll.lean:5634:8: warning: declaration uses 'sorry'
/Users/panda/Desktop/Lean/quick-test/harness/BridgeAll.lean:5720:8: warning: declaration uses 'sorry'
/Users/panda/Desktop/Lean/quick-test/harness/BridgeAll.lean:5827:4: error(lean.dependsOnNoncomputable): failed to compile definition, consider marking it as 'noncomputable' because it depends on 'Real.instFloorRing', which is 'noncomputable'
/Users/panda/Desktop/Lean/quick-test/harness/BridgeAll.lean:5831:8: warning: declaration uses 'sorry'
/Users/panda/Desktop/Lean/quick-test/harness/BridgeAll.lean:5912:8: warning: declaration uses 'sorry'
/Users/panda/Desktop/Lean/quick-test/harness/BridgeAll.lean:6018:8: warning: declaration uses 'sorry'
/Users/panda/Desktop/Lean/quick-test/harness/BridgeAll.lean:6113:8: warning: declaration uses 'sorry'
/Users/panda/Desktop/Lean/quick-test/harness/BridgeAll.lean:6191:8: warning: declaration uses 'sorry'
/Users/panda/Desktop/Lean/quick-test/harness/BridgeAll.lean:6269:8: warning: declaration uses 'sorry'
/Users/panda/Desktop/Lean/quick-test/harness/BridgeAll.lean:6401:8: warning: declaration uses 'sorry'
/Users/panda/Desktop/Lean/quick-test/harness/BridgeAll.lean:6473:4: error(lean.dependsOnNoncomputable): failed to compile definition, consider marking it as 'noncomputable' because it depends on 'Real.instFloorRing', which is 'noncomputable'
/Users/panda/Desktop/Lean/quick-test/harness/BridgeAll.lean:6477:8: warning: declaration uses 'sorry'
/Users/panda/Desktop/Lean/quick-test/harness/BridgeAll.lean:6573:8: warning: declaration uses 'sorry'
/Users/panda/Desktop/Lean/quick-test/harness/BridgeAll.lean:6654:4: error(lean.dependsOnNoncomputable): failed to compile definition, consider marking it as 'noncomputable' because it depends on 'Real.instFloorRing', which is 'noncomputable'
/Users/panda/Desktop/Lean/quick-test/harness/BridgeAll.lean:6657:8: warning: declaration uses 'sorry'
/Users/panda/Desktop/Lean/quick-test/harness/BridgeAll.lean:6759:8: warning: declaration uses 'sorry'
/Users/panda/Desktop/Lean/quick-test/harness/BridgeAll.lean:6839:8: warning: declaration uses 'sorry'
/Users/panda/Desktop/Lean/quick-test/harness/BridgeAll.lean:6938:8: warning: declaration uses 'sorry'
/Users/panda/Desktop/Lean/quick-test/harness/BridgeAll.lean:7040:8: warning: declaration uses 'sorry'
/Users/panda/Desktop/Lean/quick-test/harness/BridgeAll.lean:7122:8: warning: declaration uses 'sorry'
/Users/panda/Desktop/Lean/quick-test/harness/BridgeAll.lean:7229:8: warning: declaration uses 'sorry'
/Users/panda/Desktop/Lean/quick-test/harness/BridgeAll.lean:7335:4: error(lean.dependsOnNoncomputable): failed to compile definition, consider marking it as 'noncomputable' because it depends on 'Real.instFloorRing', which is 'noncomputable'
/Users/panda/Desktop/Lean/quick-test/harness/BridgeAll.lean:7338:8: warning: declaration uses 'sorry'
/Users/panda/Desktop/Lean/quick-test/harness/BridgeAll.lean:7435:8: warning: declaration uses 'sorry'
/Users/panda/Desktop/Lean/quick-test/harness/BridgeAll.lean:7522:8: warning: declaration uses 'sorry'
/Users/panda/Desktop/Lean/quick-test/harness/BridgeAll.lean:7616:4: error(lean.dependsOnNoncomputable): failed to compile definition, consider marking it as 'noncomputable' because it depends on 'Real.instFloorRing', which is 'noncomputable'
/Users/panda/Desktop/Lean/quick-test/harness/BridgeAll.lean:7620:8: warning: declaration uses 'sorry'
/Users/panda/Desktop/Lean/quick-test/harness/BridgeAll.lean:7714:8: warning: declaration uses 'sorry'
/Users/panda/Desktop/Lean/quick-test/harness/BridgeAll.lean:7813:4: error(lean.dependsOnNoncomputable): failed to compile definition, consider marking it as 'noncomputable' because it depends on 'Real.instFloorRing', which is 'noncomputable'
/Users/panda/Desktop/Lean/quick-test/harness/BridgeAll.lean:7817:8: warning: declaration uses 'sorry'
/Users/panda/Desktop/Lean/quick-test/harness/BridgeAll.lean:7929:2: error(lean.synthInstanceFailed): failed to synthesize instance of type class
  Membership ?m.1 (Polyhedron n)

Hint: Type class instance resolution failures can be inspected with the `set_option trace.Meta.synthInstance true` command.
/Users/panda/Desktop/Lean/quick-test/harness/BridgeAll.lean:7929:11: error(lean.invalidField): Invalid field notation: Type of
  H
is not known; cannot resolve field `mem`

Hint: Consider replacing the field projection with a call to one of the following:
  • `FreeAddMonoid.mem`
  • `FreeMonoid.mem`
  • `IsGenericPoint.mem`
  • `JoinedIn.mem`
  • `Lists.mem`
  • `MeasurableSet.mem`
  • `Membership.mem`
  • `Ordnode.mem`
  • `Ordset.mem`
  • `StarConvex.mem`
  • `Subtype.mem`
  • `Halfspace.mem`
  • `Computation.Results.mem`
  • `Filter.HasAntitoneBasis.mem`
  • `HomotopicalAlgebra.Cofibration.mem`
  • `HomotopicalAlgebra.Fibration.mem`
  • `HomotopicalAlgebra.WeakEquivalence.mem`
  • `List.Duplicate.mem`
  • `List.Ico.mem`
  • `List.IsInfix.mem`
  • `List.IsPrefix.mem`
  • `List.IsSuffix.mem`
  • `List.Sublist.mem`
  • `Polynomial.IsEisensteinAt.mem`
  • `Polynomial.IsWeaklyEisensteinAt.mem`
  • `Std.Rii.mem`
  • `TopologicalSpace.OpenNhdsOf.mem`
  • `ZFSet.Hereditarily.mem`
  • `ZFSet.IsOrdinal.mem`
  • `CategoryTheory.MorphismProperty.TransfiniteCompositionOfShape.mem`
  • `CategoryTheory.Subfunctor.IsGeneratedBy.mem`
  • `CategoryTheory.Triangulated.Octahedron.mem`
  • `Lean.Grind.IntInterval.mem`
  • `CategoryTheory.MorphismProperty.IsStableUnderTransfiniteCompositionOfShape.of_isStableUnderColimitsOfShape.mem`
  • `CategoryTheory.Subfunctor.Subpresheaf.IsGeneratedBy.mem`
  • `IsCyclotomicExtension.Rat.Three.Units.mem`
/Users/panda/Desktop/Lean/quick-test/harness/BridgeAll.lean:7949:8: warning: declaration uses 'sorry'
/Users/panda/Desktop/Lean/quick-test/harness/BridgeAll.lean:8045:8: warning: declaration uses 'sorry'
/Users/panda/Desktop/Lean/quick-test/harness/BridgeAll.lean:8136:8: warning: declaration uses 'sorry'
/Users/panda/Desktop/Lean/quick-test/harness/BridgeAll.lean:8223:4: error(lean.dependsOnNoncomputable): failed to compile definition, consider marking it as 'noncomputable' because it depends on 'Real.instFloorRing', which is 'noncomputable'
/Users/panda/Desktop/Lean/quick-test/harness/BridgeAll.lean:8227:8: warning: declaration uses 'sorry'
/Users/panda/Desktop/Lean/quick-test/harness/BridgeAll.lean:8329:4: error(lean.dependsOnNoncomputable): failed to compile definition, consider marking it as 'noncomputable' because it depends on 'Real.instFloorRing', which is 'noncomputable'
/Users/panda/Desktop/Lean/quick-test/harness/BridgeAll.lean:8333:8: warning: declaration uses 'sorry'
/Users/panda/Desktop/Lean/quick-test/harness/BridgeAll.lean:8412:4: error(lean.dependsOnNoncomputable): failed to compile definition, consider marking it as 'noncomputable' because it depends on 'Real.instFloorRing', which is 'noncomputable'
/Users/panda/Desktop/Lean/quick-test/harness/BridgeAll.lean:8416:8: warning: declaration uses 'sorry'
/Users/panda/Desktop/Lean/quick-test/harness/BridgeAll.lean:8533:8: warning: declaration uses 'sorry'
/Users/panda/Desktop/Lean/quick-test/harness/BridgeAll.lean:8645:8: warning: declaration uses 'sorry'
/Users/panda/Desktop/Lean/quick-test/harness/BridgeAll.lean:8731:4: error(lean.dependsOnNoncomputable): failed to compile definition, consider marking it as 'noncomputable' because it depends on 'Real.instFloorRing', which is 'noncomputable'
/Users/panda/Desktop/Lean/quick-test/harness/BridgeAll.lean:8735:8: warning: declaration uses 'sorry'
/Users/panda/Desktop/Lean/quick-test/harness/BridgeAll.lean:8837:8: warning: declaration uses 'sorry'
/Users/panda/Desktop/Lean/quick-test/harness/BridgeAll.lean:8906:4: error(lean.dependsOnNoncomputable): failed to compile definition, consider marking it as 'noncomputable' because it depends on 'Real.instFloorRing', which is 'noncomputable'
/Users/panda/Desktop/Lean/quick-test/harness/BridgeAll.lean:8912:8: warning: declaration uses 'sorry'
/Users/panda/Desktop/Lean/quick-test/harness/BridgeAll.lean:9006:8: warning: declaration uses 'sorry'
/Users/panda/Desktop/Lean/quick-test/harness/BridgeAll.lean:9103:8: warning: declaration uses 'sorry'
/Users/panda/Desktop/Lean/quick-test/harness/BridgeAll.lean:9178:8: warning: declaration uses 'sorry'
/Users/panda/Desktop/Lean/quick-test/harness/BridgeAll.lean:9278:4: error(lean.dependsOnNoncomputable): failed to compile definition, consider marking it as 'noncomputable' because it depends on 'Real.instFloorRing', which is 'noncomputable'
/Users/panda/Desktop/Lean/quick-test/harness/BridgeAll.lean:9282:8: warning: declaration uses 'sorry'
/Users/panda/Desktop/Lean/quick-test/harness/BridgeAll.lean:9387:8: warning: declaration uses 'sorry'
/Users/panda/Desktop/Lean/quick-test/harness/BridgeAll.lean:9486:8: warning: declaration uses 'sorry'
/Users/panda/Desktop/Lean/quick-test/harness/BridgeAll.lean:9605:29: error: Application type mismatch: The argument
  hx
has type
  x ∈ ![{x | 0 ≤ x 0}, {x | x 0 ≤ 0}] ⟨0, ⋯⟩
but is expected to have type
  ?m.776 ≤ ?m.777
in the application
  max_eq_right hx
/Users/panda/Desktop/Lean/quick-test/harness/BridgeAll.lean:9608:28: error: Application type mismatch: The argument
  hx
has type
  x ∈ ![{x | 0 ≤ x 0}, {x | x 0 ≤ 0}] ⟨1, ⋯⟩
but is expected to have type
  ?m.784 ≤ ?m.783
in the application
  max_eq_left hx
/Users/panda/Desktop/Lean/quick-test/harness/BridgeAll.lean:9603:17: warning: This simp argument is unused:
  Matrix.cons_val_zero

Hint: Omit it from the simp argument list.
  simp only [M̵a̵t̵r̵i̵x̵.̵c̵o̵n̵s̵_̵v̵a̵l̵_̵z̵e̵r̵o̵,̵ ̵Set.mem_setOf_eq] at hx

Note: This linter can be disabled with `set_option linter.unusedSimpArgs false`
/Users/panda/Desktop/Lean/quick-test/harness/BridgeAll.lean:9603:39: warning: This simp argument is unused:
  Set.mem_setOf_eq

Hint: Omit it from the simp argument list.
  simp only [Matrix.cons_val_zero,̵ ̵S̵e̵t̵.̵m̵e̵m̵_̵s̵e̵t̵O̵f̵_̵e̵q̵] at hx

Note: This linter can be disabled with `set_option linter.unusedSimpArgs false`
/Users/panda/Desktop/Lean/quick-test/harness/BridgeAll.lean:9604:17: warning: This simp argument is unused:
  Matrix.cons_val_zero

Hint: Omit it from the simp argument list.
  simp only [M̵a̵t̵r̵i̵x̵.̵c̵o̵n̵s̵_̵v̵a̵l̵_̵z̵e̵r̵o̵,̵ ̵Fin.sum_univ_one, exampleF]

Note: This linter can be disabled with `set_option linter.unusedSimpArgs false`
/Users/panda/Desktop/Lean/quick-test/harness/BridgeAll.lean:9606:17: warning: This simp argument is unused:
  Matrix.cons_val_one

Hint: Omit it from the simp argument list.
  simp only [Matrix.cons_val_o̵n̵e̵,̵ ̵M̵a̵t̵r̵i̵x̵.̵c̵o̵n̵s̵_̵v̵a̵l̵_̵zero, Set.mem_setOf_eq] at hx

Note: This linter can be disabled with `set_option linter.unusedSimpArgs false`
/Users/panda/Desktop/Lean/quick-test/harness/BridgeAll.lean:9606:38: warning: This simp argument is unused:
  Matrix.cons_val_zero

Hint: Omit it from the simp argument list.
  simp only [Matrix.cons_val_one, M̵a̵t̵r̵i̵x̵.̵c̵o̵n̵s̵_̵v̵a̵l̵_̵z̵e̵r̵o̵,̵ ̵Set.mem_setOf_eq] at hx

Note: This linter can be disabled with `set_option linter.unusedSimpArgs false`
/Users/panda/Desktop/Lean/quick-test/harness/BridgeAll.lean:9606:60: warning: This simp argument is unused:
  Set.mem_setOf_eq

Hint: Omit it from the simp argument list.
  simp only [Matrix.cons_val_one, Matrix.cons_val_zero,̵ ̵S̵e̵t̵.̵m̵e̵m̵_̵s̵e̵t̵O̵f̵_̵e̵q̵] at hx

Note: This linter can be disabled with `set_option linter.unusedSimpArgs false`
/Users/panda/Desktop/Lean/quick-test/harness/BridgeAll.lean:9607:17: warning: This simp argument is unused:
  Matrix.cons_val_one

Hint: Omit it from the simp argument list.
  simp only [Matrix.cons_val_o̵n̵e̵,̵ ̵M̵a̵t̵r̵i̵x̵.̵c̵o̵n̵s̵_̵v̵a̵l̵_̵zero, Fin.sum_univ_one, exampleF]

Note: This linter can be disabled with `set_option linter.unusedSimpArgs false`
/Users/panda/Desktop/Lean/quick-test/harness/BridgeAll.lean:9607:38: warning: This simp argument is unused:
  Matrix.cons_val_zero

Hint: Omit it from the simp argument list.
  simp only [Matrix.cons_val_one, M̵a̵t̵r̵i̵x̵.̵c̵o̵n̵s̵_̵v̵a̵l̵_̵z̵e̵r̵o̵,̵ ̵Fin.sum_univ_one, exampleF]

Note: This linter can be disabled with `set_option linter.unusedSimpArgs false`
/Users/panda/Desktop/Lean/quick-test/harness/BridgeAll.lean:9658:8: warning: declaration uses 'sorry'
@@BRIDGE Bridge_001_002 cpwl=SORRY_NE relun=PROVED depth=PROVED statement=SORRY
/Users/panda/Desktop/Lean/quick-test/harness/BridgeAll.lean:9707:45: error(lean.unknownIdentifier): Unknown constant `Matrix.dotProduct`
/Users/panda/Desktop/Lean/quick-test/harness/BridgeAll.lean:9706:49: error: unsolved goals
a b : ℕ
T : Agent002.Affine a b
x : Fin a → ℝ
i : Fin b
⊢ (fun j => T.A i j) ⬝ᵥ x = ∑ j, T.A i j * x j
/Users/panda/Desktop/Lean/quick-test/harness/BridgeAll.lean:9727:72: error: typeclass instance problem is stuck
  OfNat (Fin ?m.258) 0

Note: Lean will not try to resolve this typeclass instance problem because the first type argument to `OfNat` contains metavariables. This argument must be fully determined before Lean will try to resolve the typeclass.

Hint: Adding type annotations and supplying implicit arguments to functions can give Lean more information for typeclass resolution. For example, if you have a variable `x` that you intend to be a `Nat`, but Lean reports it as having an unresolved type like `?m`, replacing `x` with `(x : Nat)` can get typeclass resolution un-stuck.
numerals are polymorphic in Lean, but the numeral `0` cannot be used in a context where the expected type is
  Fin ?m.258
due to the absence of the instance above
/Users/panda/Desktop/Lean/quick-test/harness/BridgeAll.lean:9731:23: warning: unused variable `hn`

Note: This linter can be disabled with `set_option linter.unusedVariables false`
/Users/panda/Desktop/Lean/quick-test/harness/BridgeAll.lean:9750:8: warning: declaration uses 'sorry'
/Users/panda/Desktop/Lean/quick-test/harness/BridgeAll.lean:9761:8: warning: declaration uses 'sorry'
@@BRIDGE Bridge_002_003 cpwl=SORRY relun=SORRY depth=PROVED statement=SORRY
/Users/panda/Desktop/Lean/quick-test/harness/BridgeAll.lean:9835:8: error: Too many variable names provided at alternative `step`: 3 provided, but 2 expected
/Users/panda/Desktop/Lean/quick-test/harness/BridgeAll.lean:9836:18: error: Application type mismatch: The argument
  m
has type
  Agent004.AffMap n m✝
but is expected to have type
  ℕ
in the application
  Exists.intro m
/Users/panda/Desktop/Lean/quick-test/harness/BridgeAll.lean:9836:25: error(lean.invalidField): Invalid field `A`: The environment does not contain `Agent004.ReLUNet.A`, so it is not possible to project the field `A` from an expression
  T'
of type `Agent004.ReLUNet m✝ k`
/Users/panda/Desktop/Lean/quick-test/harness/BridgeAll.lean:9836:31: error(lean.invalidField): Invalid field `c`: The environment does not contain `Agent004.ReLUNet.c`, so it is not possible to project the field `c` from an expression
  T'
of type `Agent004.ReLUNet m✝ k`
/Users/panda/Desktop/Lean/quick-test/harness/BridgeAll.lean:9836:35: error(lean.unknownIdentifier): Unknown identifier `rest.eval`
/Users/panda/Desktop/Lean/quick-test/harness/BridgeAll.lean:9837:17: error: Application type mismatch: The argument
  m
has type
  Agent004.AffMap n m✝
but is expected to have type
  ℕ
in the application
  ih m
/Users/panda/Desktop/Lean/quick-test/harness/BridgeAll.lean:9870:23: warning: unused variable `hn`

Note: This linter can be disabled with `set_option linter.unusedVariables false`
@@BRIDGE Bridge_003_004 cpwl=PROVED relun=SORRY depth=PROVED statement=SORRY
/Users/panda/Desktop/Lean/quick-test/harness/BridgeAll.lean:9924:4: warning: this tactic is never executed

Note: This linter can be disabled with `set_option linter.unreachableTactic false`
/Users/panda/Desktop/Lean/quick-test/harness/BridgeAll.lean:9924:4: warning: 'sorry' tactic does nothing

Note: This linter can be disabled with `set_option linter.unusedTactic false`
/Users/panda/Desktop/Lean/quick-test/harness/BridgeAll.lean:9932:16: warning: declaration uses 'sorry'
/Users/panda/Desktop/Lean/quick-test/harness/BridgeAll.lean:9969:18: warning: This simp argument is unused:
  Agent004.reluVec

Hint: Omit it from the simp argument list.
  simp [Agent004.ReLUNet.eval, Agent004.AffMap.eval, Agent005.affineComp,
                 ̵ ̵ ̵ ̵Agent004̵.̵r̵e̵l̵u̵V̵e̵c̵,̵ ̵A̵g̵e̵n̵t̵0̵0̵5.reluVec, Agent004.relu, Agent005.relu]

Note: This linter can be disabled with `set_option linter.unusedSimpArgs false`
/Users/panda/Desktop/Lean/quick-test/harness/BridgeAll.lean:9969:36: warning: This simp argument is unused:
  Agent005.reluVec

Hint: Omit it from the simp argument list.
  simp [Agent004.ReLUNet.eval, Agent004.AffMap.eval, Agent005.affineComp,
                 ̵ ̵ ̵ ̵Agent004.reluVec, Agent005̵.̵r̵e̵l̵u̵V̵e̵c̵,̵ ̵A̵g̵e̵n̵t̵0̵0̵4.relu, Agent005.relu]

Note: This linter can be disabled with `set_option linter.unusedSimpArgs false`
/Users/panda/Desktop/Lean/quick-test/harness/BridgeAll.lean:9969:54: warning: This simp argument is unused:
  Agent004.relu

Hint: Omit it from the simp argument list.
  simp [Agent004.ReLUNet.eval, Agent004.AffMap.eval, Agent005.affineComp,
                 ̵ ̵ ̵ ̵Agent004.reluVec, Agent005.reluVec, Agent004̵.̵r̵e̵l̵u̵,̵ ̵A̵g̵e̵n̵t̵0̵0̵5.relu]

Note: This linter can be disabled with `set_option linter.unusedSimpArgs false`
/Users/panda/Desktop/Lean/quick-test/harness/BridgeAll.lean:9969:69: warning: This simp argument is unused:
  Agent005.relu

Hint: Omit it from the simp argument list.
  simp [Agent004.ReLUNet.eval, Agent004.AffMap.eval, Agent005.affineComp,
                 ̵ ̵ ̵ ̵Agent004.reluVec, Agent005.reluVec, Agent004.relu,̵ ̵A̵g̵e̵n̵t̵0̵0̵5̵.̵r̵e̵l̵u̵]

Note: This linter can be disabled with `set_option linter.unusedSimpArgs false`
/Users/panda/Desktop/Lean/quick-test/harness/BridgeAll.lean:9980:15: warning: This simp argument is unused:
  Agent004.reluVec

Hint: Omit it from the simp argument list.
  simp [Agent004.ReLUNet.eval, Agent004.AffMap.eval, Agent005.affineComp, A̵g̵e̵n̵t̵0̵0̵4̵.̵r̵e̵l̵u̵V̵e̵c̵,̵ ̵Agent005.reluVec,
  ̲  ̲ ̲ ̲ ̲ ̲ ̲ ̲ ̲ ̲ ̲Agent004.relu, Agent005.relu]

Note: This linter can be disabled with `set_option linter.unusedSimpArgs false`
/Users/panda/Desktop/Lean/quick-test/harness/BridgeAll.lean:9980:33: warning: This simp argument is unused:
  Agent005.reluVec

Hint: Omit it from the simp argument list.
  simp [Agent004.ReLUNet.eval, Agent004.AffMap.eval, Agent005.affineComp, Agent004.reluVec,
  ̲  ̲ ̲ ̲ ̲ ̲ ̲ ̲ ̲ ̲ ̲A̵g̵e̵n̵t̵0̵0̵5̵.̵r̵e̵l̵u̵V̵e̵c̵,̵ ̵Agent004.relu, Agent005.relu]

Note: This linter can be disabled with `set_option linter.unusedSimpArgs false`
/Users/panda/Desktop/Lean/quick-test/harness/BridgeAll.lean:9980:51: warning: This simp argument is unused:
  Agent004.relu

Hint: Omit it from the simp argument list.
  simp [Agent004.ReLUNet.eval, Agent004.AffMap.eval, Agent005.affineComp, Agent004.reluVec,
  ̲  ̲ ̲ ̲ ̲ ̲ ̲ ̲ ̲ ̲ ̲Agent005.reluVec, A̵g̵e̵n̵t̵0̵0̵4̵.̵r̵e̵l̵u̵,̵ ̵Agent005.relu]

Note: This linter can be disabled with `set_option linter.unusedSimpArgs false`
/Users/panda/Desktop/Lean/quick-test/harness/BridgeAll.lean:9980:66: warning: This simp argument is unused:
  Agent005.relu

Hint: Omit it from the simp argument list.
  simp [Agent004.ReLUNet.eval, Agent004.AffMap.eval, Agent005.affineComp, Agent004.reluVec,
  ̲  ̲ ̲ ̲ ̲ ̲ ̲ ̲ ̲ ̲ ̲Agent005.reluVec, A̵g̵e̵n̵t̵0̵0̵4̵.̵r̵e̵l̵u̵,̵ ̵A̵g̵e̵n̵t̵0̵0̵5̵.̵r̵e̵l̵u̵]̵A̲g̲e̲n̲t̲0̲0̲4̲.̲r̲e̲l̲u̲]̲

Note: This linter can be disabled with `set_option linter.unusedSimpArgs false`
/Users/panda/Desktop/Lean/quick-test/harness/BridgeAll.lean:9947:12: warning: this tactic is never executed

Note: This linter can be disabled with `set_option linter.unreachableTactic false`
/Users/panda/Desktop/Lean/quick-test/harness/BridgeAll.lean:9948:9: warning: this tactic is never executed

Note: This linter can be disabled with `set_option linter.unreachableTactic false`
/Users/panda/Desktop/Lean/quick-test/harness/BridgeAll.lean:9957:9: warning: this tactic is never executed

Note: This linter can be disabled with `set_option linter.unreachableTactic false`
/Users/panda/Desktop/Lean/quick-test/harness/BridgeAll.lean:9971:9: warning: this tactic is never executed

Note: This linter can be disabled with `set_option linter.unreachableTactic false`
/Users/panda/Desktop/Lean/quick-test/harness/BridgeAll.lean:9945:12: warning: 'simp [Agent004.ReLUNet.eval, Agent004.AffMap.eval, Agent005.affineScalar, Matrix.mulVec, Matrix.dotProduct,
  Pi.add_apply]' tactic does nothing

Note: This linter can be disabled with `set_option linter.unusedTactic false`
/Users/panda/Desktop/Lean/quick-test/harness/BridgeAll.lean:9947:12: warning: 'done' tactic does nothing

Note: This linter can be disabled with `set_option linter.unusedTactic false`
/Users/panda/Desktop/Lean/quick-test/harness/BridgeAll.lean:9948:9: warning: 'done' tactic does nothing

Note: This linter can be disabled with `set_option linter.unusedTactic false`
/Users/panda/Desktop/Lean/quick-test/harness/BridgeAll.lean:9955:9: warning: 'simp [Agent004.ReLUNet.eval, Agent004.AffMap.eval, Agent005.affineScalar, Matrix.mulVec, Matrix.dotProduct,
  Pi.add_apply]' tactic does nothing

Note: This linter can be disabled with `set_option linter.unusedTactic false`
/Users/panda/Desktop/Lean/quick-test/harness/BridgeAll.lean:9957:9: warning: 'done' tactic does nothing

Note: This linter can be disabled with `set_option linter.unusedTactic false`
/Users/panda/Desktop/Lean/quick-test/harness/BridgeAll.lean:9971:9: warning: 'done' tactic does nothing

Note: This linter can be disabled with `set_option linter.unusedTactic false`
/Users/panda/Desktop/Lean/quick-test/harness/BridgeAll.lean:9989:6: warning: this tactic is never executed

Note: This linter can be disabled with `set_option linter.unreachableTactic false`
/Users/panda/Desktop/Lean/quick-test/harness/BridgeAll.lean:9994:6: warning: this tactic is never executed

Note: This linter can be disabled with `set_option linter.unreachableTactic false`
/Users/panda/Desktop/Lean/quick-test/harness/BridgeAll.lean:9989:6: warning: 'sorry' tactic does nothing

Note: This linter can be disabled with `set_option linter.unusedTactic false`
/Users/panda/Desktop/Lean/quick-test/harness/BridgeAll.lean:9994:6: warning: 'sorry' tactic does nothing

Note: This linter can be disabled with `set_option linter.unusedTactic false`
/Users/panda/Desktop/Lean/quick-test/harness/BridgeAll.lean:9998:8: warning: declaration uses 'sorry'
/Users/panda/Desktop/Lean/quick-test/harness/BridgeAll.lean:10006:7: warning: this tactic is never executed

Note: This linter can be disabled with `set_option linter.unreachableTactic false`
/Users/panda/Desktop/Lean/quick-test/harness/BridgeAll.lean:10006:19: warning: this tactic is never executed

Note: This linter can be disabled with `set_option linter.unreachableTactic false`
/Users/panda/Desktop/Lean/quick-test/harness/BridgeAll.lean:10006:48: warning: this tactic is never executed

Note: This linter can be disabled with `set_option linter.unreachableTactic false`
/Users/panda/Desktop/Lean/quick-test/harness/BridgeAll.lean:10007:7: warning: this tactic is never executed

Note: This linter can be disabled with `set_option linter.unreachableTactic false`
/Users/panda/Desktop/Lean/quick-test/harness/BridgeAll.lean:10008:7: warning: this tactic is never executed

Note: This linter can be disabled with `set_option linter.unreachableTactic false`
/Users/panda/Desktop/Lean/quick-test/harness/BridgeAll.lean:10008:16: warning: this tactic is never executed

Note: This linter can be disabled with `set_option linter.unreachableTactic false`
/Users/panda/Desktop/Lean/quick-test/harness/BridgeAll.lean:10009:7: warning: this tactic is never executed

Note: This linter can be disabled with `set_option linter.unreachableTactic false`
/Users/panda/Desktop/Lean/quick-test/harness/BridgeAll.lean:10010:7: warning: this tactic is never executed

Note: This linter can be disabled with `set_option linter.unreachableTactic false`
/Users/panda/Desktop/Lean/quick-test/harness/BridgeAll.lean:10011:7: warning: this tactic is never executed

Note: This linter can be disabled with `set_option linter.unreachableTactic false`
/Users/panda/Desktop/Lean/quick-test/harness/BridgeAll.lean:10005:7: warning: 'refine ⟨hf, Finset.image (fun i => (g i).eval) Finset.univ, ?_, ?_⟩' tactic does nothing

Note: This linter can be disabled with `set_option linter.unusedTactic false`
/Users/panda/Desktop/Lean/quick-test/harness/BridgeAll.lean:10006:7: warning: 'intro h hh' tactic does nothing

Note: This linter can be disabled with `set_option linter.unusedTactic false`
/Users/panda/Desktop/Lean/quick-test/harness/BridgeAll.lean:10006:19: warning: 'rw [Finset.mem_image] at hh' tactic does nothing

Note: This linter can be disabled with `set_option linter.unusedTactic false`
/Users/panda/Desktop/Lean/quick-test/harness/BridgeAll.lean:10006:48: warning: 'obtain ⟨i, -, hi⟩ := hh' tactic does nothing

Note: This linter can be disabled with `set_option linter.unusedTactic false`
/Users/panda/Desktop/Lean/quick-test/harness/BridgeAll.lean:10007:7: warning: 'exact ⟨(g i).a, (g i).c, hi.symm⟩' tactic does nothing

Note: This linter can be disabled with `set_option linter.unusedTactic false`
/Users/panda/Desktop/Lean/quick-test/harness/BridgeAll.lean:10008:7: warning: 'intro x' tactic does nothing

Note: This linter can be disabled with `set_option linter.unusedTactic false`
/Users/panda/Desktop/Lean/quick-test/harness/BridgeAll.lean:10008:16: warning: 'obtain ⟨i, hi⟩ := hcover x' tactic does nothing

Note: This linter can be disabled with `set_option linter.unusedTactic false`
/Users/panda/Desktop/Lean/quick-test/harness/BridgeAll.lean:10009:7: warning: 'refine ⟨(g i).eval, Finset.mem_image_of_mem _ (Finset.mem_univ i), ?_⟩' tactic does nothing

Note: This linter can be disabled with `set_option linter.unusedTactic false`
/Users/panda/Desktop/Lean/quick-test/harness/BridgeAll.lean:10010:7: warning: 'obtain ⟨U, hU1, hU2, hU3⟩ := eventually_nhds_iff.mp hi' tactic does nothing

Note: This linter can be disabled with `set_option linter.unusedTactic false`
/Users/panda/Desktop/Lean/quick-test/harness/BridgeAll.lean:10011:7: warning: 'exact ⟨U, hU2, hU3, hU1⟩' tactic does nothing

Note: This linter can be disabled with `set_option linter.unusedTactic false`
/Users/panda/Desktop/Lean/quick-test/harness/BridgeAll.lean:10043:6: warning: this tactic is never executed

Note: This linter can be disabled with `set_option linter.unreachableTactic false`
/Users/panda/Desktop/Lean/quick-test/harness/BridgeAll.lean:10048:6: warning: this tactic is never executed

Note: This linter can be disabled with `set_option linter.unreachableTactic false`
/Users/panda/Desktop/Lean/quick-test/harness/BridgeAll.lean:10043:6: warning: 'sorry' tactic does nothing

Note: This linter can be disabled with `set_option linter.unusedTactic false`
/Users/panda/Desktop/Lean/quick-test/harness/BridgeAll.lean:10048:6: warning: 'sorry' tactic does nothing

Note: This linter can be disabled with `set_option linter.unusedTactic false`
@@BRIDGE Bridge_004_005 cpwl=SORRY relun=SORRY depth=PROVED statement=SORRY
/Users/panda/Desktop/Lean/quick-test/harness/BridgeAll.lean:10093:54: error: unsolved goals
n : ℕ
f : (Fin n → ℝ) → ℝ
w : Fin n → ℝ
c : ℝ
hf : f = Agent005.affineScalar w c
x : Fin n → ℝ
⊢ Agent005.affineScalar w c x = Agent006.affineApply { A := fun x j => w j, c := fun x => c } x 0
/Users/panda/Desktop/Lean/quick-test/harness/BridgeAll.lean:10095:56: error: unsolved goals
n : ℕ
f : (Fin n → ℝ) → ℝ
T : Agent006.AffineTransform n 1
hT : ∀ (x : Fin n → ℝ), f x = Agent006.affineApply T x 0
x : Fin n → ℝ
⊢ Agent006.affineApply T x 0 = Agent005.affineScalar (fun j => T.A 0 j) (T.c 0) x
/Users/panda/Desktop/Lean/quick-test/harness/BridgeAll.lean:10099:70: error: unsolved goals
k n : ℕ
f : (Fin n → ℝ) → ℝ
m : ℕ
A : Matrix (Fin m) (Fin n) ℝ
c : Fin m → ℝ
g : (Fin m → ℝ) → ℝ
hg : Agent005.computesReLU k m g
hf : f = g ∘ fun x => Agent005.reluVec (Agent005.affineComp A c x)
x : Fin n → ℝ
⊢ (g ∘ fun x => Agent005.reluVec (Agent005.affineComp A c x)) x =
    g (Agent006.reluVec (Agent006.affineApply { A := A, c := c } x))
/Users/panda/Desktop/Lean/quick-test/harness/BridgeAll.lean:10101:80: error: unsolved goals
k n : ℕ
f : (Fin n → ℝ) → ℝ
m : ℕ
T : Agent006.AffineTransform n m
g : (Fin m → ℝ) → ℝ
hg : Agent006.ComputesHidden m k g
hf : ∀ (x : Fin n → ℝ), f x = g (Agent006.reluVec (Agent006.affineApply T x))
x : Fin n → ℝ
⊢ g (Agent006.reluVec (Agent006.affineApply T x)) = (g ∘ fun x => Agent005.reluVec (Agent005.affineComp T.A T.c x)) x
/Users/panda/Desktop/Lean/quick-test/harness/BridgeAll.lean:10164:23: warning: unused variable `hn`

Note: This linter can be disabled with `set_option linter.unusedVariables false`
@@BRIDGE Bridge_005_006 cpwl=PROVED relun=SORRY depth=PROVED statement=SORRY
/Users/panda/Desktop/Lean/quick-test/harness/BridgeAll.lean:10248:8: error: Tactic `rewrite` failed: Did not find an occurrence of the pattern
  ↑(e.symm (e ⟨a, haS⟩))
in the target expression
  f y = ((fun i => toAffineFunc ↑(e.symm i)) (e ⟨a, haS⟩)).eval y

case mpr
n : ℕ
f : (Fin n → ℝ) → ℝ
S : Finset (Agent007.AffineFun n)
hS : ∀ (x : Fin n → ℝ), ∃ a ∈ S, ∃ U, IsOpen U ∧ x ∈ U ∧ ∀ y ∈ U, f y = a.eval y
e : { a // a ∈ S } ≃ Fin (Fintype.card { a // a ∈ S }) := Fintype.equivFin { a // a ∈ S }
x : Fin n → ℝ
a : Agent007.AffineFun n
haS : a ∈ S
U : Set (Fin n → ℝ)
hUopen : IsOpen U
hxU : x ∈ U
hUeq : ∀ y ∈ U, f y = a.eval y
y : Fin n → ℝ
hy : y ∈ U
hsymm : ↑(e.symm (e ⟨a, haS⟩)) = a
⊢ f y = ((fun i => toAffineFunc ↑(e.symm i)) (e ⟨a, haS⟩)).eval y
/Users/panda/Desktop/Lean/quick-test/harness/BridgeAll.lean:10319:9: error: unsolved goals
case zero.h
n m b : ℕ
T : Agent006.AffineTransform n m
g : (Fin m → ℝ) → Fin b → ℝ
A : Matrix (Fin b) (Fin m) ℝ
c : Fin b → ℝ
hA : g = Agent007.affineEval A c
x : Fin n → ℝ
⊢ Agent007.affineEval A c (Agent006.reluVec (Agent006.affineApply T x)) =
    Agent007.affineEval A c (Agent007.reluVec (Agent006.affineApply T x))
/Users/panda/Desktop/Lean/quick-test/harness/BridgeAll.lean:10399:23: warning: unused variable `hn`

Note: This linter can be disabled with `set_option linter.unusedVariables false`
@@BRIDGE Bridge_006_007 cpwl=SORRY relun=SORRY depth=PROVED statement=SORRY
/Users/panda/Desktop/Lean/quick-test/harness/BridgeAll.lean:10422:23: warning: unused variable `hn`

Note: This linter can be disabled with `set_option linter.unusedVariables false`
/Users/panda/Desktop/Lean/quick-test/harness/BridgeAll.lean:10435:27: error(lean.invalidField): Invalid field `mulVec`: The environment does not contain `Function.mulVec`, so it is not possible to project the field `mulVec` from an expression
  fun x x_1 => c
of type `Fin 1 → Fin 1 → ℝ`
/Users/panda/Desktop/Lean/quick-test/harness/BridgeAll.lean:10436:23: error(lean.unknownIdentifier): Unknown constant `Matrix.dotProduct`
/Users/panda/Desktop/Lean/quick-test/harness/BridgeAll.lean:10435:51: error: unsolved goals
c : ℝ
x : Fin 1 → ℝ
⊢ sorry () = c * x 0
/Users/panda/Desktop/Lean/quick-test/harness/BridgeAll.lean:10436:8: warning: This simp argument is unused:
  Matrix.mulVec

Hint: Omit it from the simp argument list.
  simp [Matrix.m̵u̵l̵V̵e̵c̵,̵ ̵M̵a̵t̵r̵i̵x̵.̵dotProduct, Fin.sum_univ_one]

Note: This linter can be disabled with `set_option linter.unusedSimpArgs false`
/Users/panda/Desktop/Lean/quick-test/harness/BridgeAll.lean:10436:42: warning: This simp argument is unused:
  Fin.sum_univ_one

Hint: Omit it from the simp argument list.
  simp [Matrix.mulVec, Matrix.dotProduct,̵ ̵F̵i̵n̵.̵s̵u̵m̵_̵u̵n̵i̵v̵_̵o̵n̵e̵]

Note: This linter can be disabled with `set_option linter.unusedSimpArgs false`
/Users/panda/Desktop/Lean/quick-test/harness/BridgeAll.lean:10439:34: error(lean.invalidField): Invalid field `mulVec`: The environment does not contain `Function.mulVec`, so it is not possible to project the field `mulVec` from an expression
  fun x x_1 => 1
of type `Fin 1 → Fin 1 → ℝ`
/Users/panda/Desktop/Lean/quick-test/harness/BridgeAll.lean:10443:15: error: failed to synthesize
  Fintype (?m.21 x)

Hint: Additional diagnostic information may be available using the `set_option diagnostics true` command.
/Users/panda/Desktop/Lean/quick-test/harness/BridgeAll.lean:10446:35: error(lean.invalidField): Invalid field `mulVec`: The environment does not contain `Function.mulVec`, so it is not possible to project the field `mulVec` from an expression
  fun x x_1 => -1
of type `Fin 1 → Fin 1 → ℝ`
/Users/panda/Desktop/Lean/quick-test/harness/BridgeAll.lean:10450:15: error: failed to synthesize
  Fintype (?m.24 x)

Hint: Additional diagnostic information may be available using the `set_option diagnostics true` command.
/Users/panda/Desktop/Lean/quick-test/harness/BridgeAll.lean:10456:52: error(lean.invalidField): Invalid field `mulVec`: The environment does not contain `Function.mulVec`, so it is not possible to project the field `mulVec` from an expression
  fun x x_1 => 1
of type `Fin 1 → Fin 1 → ℝ`
/Users/panda/Desktop/Lean/quick-test/harness/BridgeAll.lean:10457:53: error(lean.invalidField): Invalid field `mulVec`: The environment does not contain `Function.mulVec`, so it is not possible to project the field `mulVec` from an expression
  fun x x_1 => -1
of type `Fin 1 → Fin 1 → ℝ`
/Users/panda/Desktop/Lean/quick-test/harness/BridgeAll.lean:10454:61: error: unsolved goals
⊢ bridgeF ∈ Agent008.CPWL 1
/Users/panda/Desktop/Lean/quick-test/harness/BridgeAll.lean:10495:37: warning: This simp argument is unused:
  Fin.sum_univ_one

Hint: Omit it from the simp argument list.
  simp [Agent007.AffineFun.eval,̵ ̵F̵i̵n̵.̵s̵u̵m̵_̵u̵n̵i̵v̵_̵o̵n̵e̵]

Note: This linter can be disabled with `set_option linter.unusedSimpArgs false`
/Users/panda/Desktop/Lean/quick-test/harness/BridgeAll.lean:10530:8: warning: declaration uses 'sorry'
/Users/panda/Desktop/Lean/quick-test/harness/BridgeAll.lean:10544:8: warning: declaration uses 'sorry'
@@BRIDGE Bridge_007_008 cpwl=SORRY_NE relun=SORRY depth=PROVED statement=SORRY
/Users/panda/Desktop/Lean/quick-test/harness/BridgeAll.lean:10583:69: error(lean.unknownIdentifier): Unknown constant `Matrix.dotProduct`
/Users/panda/Desktop/Lean/quick-test/harness/BridgeAll.lean:10582:64: error: unsolved goals
a b : ℕ
T : Agent008.AffineMap' a b
x : Fin a → ℝ
i : Fin b
⊢ (fun j => T.A i j) ⬝ᵥ x + T.c i = ∑ j, T.A i j * x j + T.c i
/Users/panda/Desktop/Lean/quick-test/harness/BridgeAll.lean:10646:66: error: unsolved goals
case h
k : ℕ
ih : ∀ (n : ℕ) (f : (Fin n → ℝ) → ℝ), Agent008.NetworkComputes n k f ↔ Agent009.ComputesWithHiddenLayers k n f
n : ℕ
f : (Fin n → ℝ) → ℝ
m : ℕ
Tf : (Fin n → ℝ) → Fin m → ℝ
g : (Fin m → ℝ) → ℝ
hAff : Agent009.IsAffineMap n m Tf
hg : Agent009.ComputesWithHiddenLayers k m g
hf : ∀ (x : Fin n → ℝ), f x = g (Agent009.reluVec (Tf x))
S : Agent008.AffineMap' n m
hS : ∀ (x : Fin n → ℝ), Tf x = S.apply x
x : Fin n → ℝ
⊢ g (Agent009.reluVec (S.apply x)) = g (Agent008.reluVec (S.apply x))
/Users/panda/Desktop/Lean/quick-test/harness/BridgeAll.lean:10687:69: error(lean.unknownIdentifier): Unknown constant `Matrix.dotProduct`
/Users/panda/Desktop/Lean/quick-test/harness/BridgeAll.lean:10684:60: error: unsolved goals
case h
x : Fin 1 → ℝ
⊢ x 0 ≤ 0 ↔ (fun j => 1) ⬝ᵥ x ≤ 0
/Users/panda/Desktop/Lean/quick-test/harness/BridgeAll.lean:10688:21: warning: This simp argument is unused:
  Fin.sum_univ_one

Hint: Omit it from the simp argument list.
  simp only [P0, Set.mem_setOf_eq, pi_fin_one_le_iff, Matrix.mulVec, Matrix.dotProduct,
      Matrix.of_apply, F̵i̵n̵.̵s̵u̵m̵_̵u̵n̵i̵v̵_̵one,̵ ̵o̵n̵e̵_mul]

Note: This linter can be disabled with `set_option linter.unusedSimpArgs false`
/Users/panda/Desktop/Lean/quick-test/harness/BridgeAll.lean:10688:39: warning: This simp argument is unused:
  one_mul

Hint: Omit it from the simp argument list.
  simp only [P0, Set.mem_setOf_eq, pi_fin_one_le_iff, Matrix.mulVec, Matrix.dotProduct,
      Matrix.of_apply, Fin.sum_univ_one,̵ ̵o̵n̵e̵_̵m̵u̵l̵]

Note: This linter can be disabled with `set_option linter.unusedSimpArgs false`
/Users/panda/Desktop/Lean/quick-test/harness/BridgeAll.lean:10693:69: error(lean.unknownIdentifier): Unknown constant `Matrix.dotProduct`
/Users/panda/Desktop/Lean/quick-test/harness/BridgeAll.lean:10695:30: error: linarith failed to find a contradiction
case h.mp.h
x : Fin 1 → ℝ
h : 0 ≤ x 0
a✝ : 0 < (fun j => -1) ⬝ᵥ x
⊢ False
failed
/Users/panda/Desktop/Lean/quick-test/harness/BridgeAll.lean:10695:30: error: linarith failed to find a contradiction
case h.mpr.h
x : Fin 1 → ℝ
h : (fun j => -1) ⬝ᵥ x ≤ 0
a✝ : x 0 < 0
⊢ False
failed
/Users/panda/Desktop/Lean/quick-test/harness/BridgeAll.lean:10694:21: warning: This simp argument is unused:
  Fin.sum_univ_one

Hint: Omit it from the simp argument list.
  simp only [P1, Set.mem_setOf_eq, pi_fin_one_le_iff, Matrix.mulVec, Matrix.dotProduct,
      Matrix.of_apply,̵ ̵F̵i̵n̵.̵s̵u̵m̵_̵u̵n̵i̵v̵_̵o̵n̵e̵]

Note: This linter can be disabled with `set_option linter.unusedSimpArgs false`
/Users/panda/Desktop/Lean/quick-test/harness/BridgeAll.lean:10700:9: error(lean.unknownIdentifier): Unknown identifier `le_or_lt`
/Users/panda/Desktop/Lean/quick-test/harness/BridgeAll.lean:10700:31: error: Tactic `rcases` failed: `x✝ : ?m.23` is not an inductive datatype
/Users/panda/Desktop/Lean/quick-test/harness/BridgeAll.lean:10709:29: warning: This simp argument is unused:
  Fin.sum_univ_one

Hint: Omit it from the simp argument list.
  simp [T0, Matrix.of_apply,̵ ̵F̵i̵n̵.̵s̵u̵m̵_̵u̵n̵i̵v̵_̵o̵n̵e̵]

Note: This linter can be disabled with `set_option linter.unusedSimpArgs false`
/Users/panda/Desktop/Lean/quick-test/harness/BridgeAll.lean:10713:29: warning: This simp argument is unused:
  Fin.sum_univ_one

Hint: Omit it from the simp argument list.
  simp [T1, Matrix.of_apply,̵ ̵F̵i̵n̵.̵s̵u̵m̵_̵u̵n̵i̵v̵_̵o̵n̵e̵]

Note: This linter can be disabled with `set_option linter.unusedSimpArgs false`
/Users/panda/Desktop/Lean/quick-test/harness/BridgeAll.lean:10725:35: error: Tactic `rewrite` failed: Did not find an occurrence of the pattern
  T0.apply ?x 0
in the target expression
  0 = (![T0, T1] ⟨0, ⋯⟩).apply x 0

case refine_2.«0»
x : Fin 1 → ℝ
hx : x ∈ ![P0, P1] ((fun i => i) ⟨0, ⋯⟩)
hx0 : x 0 ≤ 0
⊢ 0 = (![T0, T1] ⟨0, ⋯⟩).apply x 0
/Users/panda/Desktop/Lean/quick-test/harness/BridgeAll.lean:10728:36: error: Tactic `rewrite` failed: Did not find an occurrence of the pattern
  T1.apply ?x 0
in the target expression
  x 0 = (![T0, T1] ⟨1, ⋯⟩).apply x 0

case refine_2.«1»
x : Fin 1 → ℝ
hx : x ∈ ![P0, P1] ((fun i => i) ⟨1, ⋯⟩)
hx0 : 0 ≤ x 0
⊢ x 0 = (![T0, T1] ⟨1, ⋯⟩).apply x 0
/Users/panda/Desktop/Lean/quick-test/harness/BridgeAll.lean:10724:21: warning: This simp argument is unused:
  Matrix.cons_val_zero

Hint: Omit it from the simp argument list.
  simp only [wf,̵ ̵M̵a̵t̵r̵i̵x̵.̵c̵o̵n̵s̵_̵v̵a̵l̵_̵z̵e̵r̵o̵]

Note: This linter can be disabled with `set_option linter.unusedSimpArgs false`
/Users/panda/Desktop/Lean/quick-test/harness/BridgeAll.lean:10727:21: warning: This simp argument is unused:
  Matrix.cons_val_one

Hint: Omit it from the simp argument list.
  simp only [wf, Matrix.cons_val_o̵n̵e̵,̵ ̵M̵a̵t̵r̵i̵x̵.̵c̵o̵n̵s̵_̵v̵a̵l̵_̵zero]

Note: This linter can be disabled with `set_option linter.unusedSimpArgs false`
/Users/panda/Desktop/Lean/quick-test/harness/BridgeAll.lean:10727:42: warning: This simp argument is unused:
  Matrix.cons_val_zero

Hint: Omit it from the simp argument list.
  simp only [wf, Matrix.cons_val_one,̵ ̵M̵a̵t̵r̵i̵x̵.̵c̵o̵n̵s̵_̵v̵a̵l̵_̵z̵e̵r̵o̵]

Note: This linter can be disabled with `set_option linter.unusedSimpArgs false`
/Users/panda/Desktop/Lean/quick-test/harness/BridgeAll.lean:10781:8: warning: declaration uses 'sorry'
@@BRIDGE Bridge_008_009 cpwl=SORRY_NE relun=SORRY depth=PROVED statement=SORRY
/Users/panda/Desktop/Lean/quick-test/harness/BridgeAll.lean:10862:38: error: unsolved goals
case h
k : ℕ
ih : ∀ (n : ℕ) (f : (Fin n → ℝ) → ℝ), Agent009.ComputesWithHiddenLayers k n f ↔ Agent010.NetComputes n k f
n : ℕ
f : (Fin n → ℝ) → ℝ
m : ℕ
T : (Fin n → ℝ) → Fin m → ℝ
g : (Fin m → ℝ) → ℝ
hT : Agent009.IsAffineMap n m T
hg : Agent009.ComputesWithHiddenLayers k m g
hf : ∀ (x : Fin n → ℝ), f x = g (Agent009.reluVec (T x))
S : Agent010.AffineMap n m
hS : ∀ (x : Fin n → ℝ), T x = S.eval x
x : Fin n → ℝ
⊢ g (Agent009.reluVec (S.eval x)) = g (Agent010.reluVec (S.eval x))
/Users/panda/Desktop/Lean/quick-test/harness/BridgeAll.lean:10866:57: error: unsolved goals
k : ℕ
ih : ∀ (n : ℕ) (f : (Fin n → ℝ) → ℝ), Agent009.ComputesWithHiddenLayers k n f ↔ Agent010.NetComputes n k f
n : ℕ
f : (Fin n → ℝ) → ℝ
m : ℕ
T : Agent010.AffineMap n m
g : (Fin m → ℝ) → ℝ
hg : Agent010.NetComputes m k g
hf : f = fun x => g (Agent010.reluVec (T.eval x))
hT : Agent009.IsAffineMap n m T.eval
x : Fin n → ℝ
⊢ (fun x => g (Agent010.reluVec (T.eval x))) x = g (Agent009.reluVec (T.eval x))
@@BRIDGE Bridge_009_010 cpwl=PROVED relun=SORRY depth=PROVED statement=SORRY
/Users/panda/Desktop/Lean/quick-test/harness/BridgeAll.lean:10989:4: error: unsolved goals
case succ.mp.h
k : ℕ
ih : ∀ (n : ℕ) (f : (Fin n → ℝ) → ℝ), Agent010.NetComputes n k f ↔ ∃ net, f = net.eval
n : ℕ
f : (Fin n → ℝ) → ℝ
m : ℕ
T : Agent010.AffineMap n m
g : (Fin m → ℝ) → ℝ
hg : Agent010.NetComputes m k g
hf : f = fun x => g (Agent010.reluVec (T.eval x))
net : Agent011.NetLayers m k
hnet : g = net.eval
x : Fin n → ℝ
hx : f x = g (Agent010.reluVec (T.eval x))
⊢ net.eval (Agent010.reluVec (T.eval x)) = net.eval (Agent011.reluVec (T.eval x))
/Users/panda/Desktop/Lean/quick-test/harness/BridgeAll.lean:11019:23: warning: unused variable `hn`

Note: This linter can be disabled with `set_option linter.unusedVariables false`
@@BRIDGE Bridge_010_011 cpwl=PROVED relun=SORRY depth=PROVED statement=SORRY
/Users/panda/Desktop/Lean/quick-test/harness/BridgeAll.lean:11128:4: error: unsolved goals
case succ.mpr.h
k : ℕ
ih : ∀ (n : ℕ) (f : (Fin n → ℝ) → ℝ), (∃ net, f = net.eval) ↔ Agent012.IsReLUNetExact n k f
n : ℕ
f : (Fin n → ℝ) → ℝ
m : ℕ
A : Matrix (Fin m) (Fin n) ℝ
bias : Fin m → ℝ
g : (Fin m → ℝ) → ℝ
hg : Agent012.IsReLUNetExact m k g
hf : ∀ (x : Fin n → ℝ), f x = g (Agent012.reluVec (A.mulVec x + bias))
rest : Agent011.NetLayers m k
hrest : g = rest.eval
x : Fin n → ℝ
⊢ rest.eval (Agent012.reluVec (A.mulVec x + bias)) = rest.eval (Agent011.reluVec (A.mulVec x + bias))
/Users/panda/Desktop/Lean/quick-test/harness/BridgeAll.lean:11171:23: warning: unused variable `hn`

Note: This linter can be disabled with `set_option linter.unusedVariables false`
@@BRIDGE Bridge_011_012 cpwl=PROVED relun=SORRY depth=PROVED statement=SORRY
/Users/panda/Desktop/Lean/quick-test/harness/BridgeAll.lean:11259:4: error: unsolved goals
case succ.mp.h
k : ℕ
ih : ∀ (n : ℕ) (f : (Fin n → ℝ) → ℝ), Agent012.IsReLUNetExact n k f ↔ Agent013.IsReLURep n k f
n : ℕ
f : (Fin n → ℝ) → ℝ
m : ℕ
A : Matrix (Fin m) (Fin n) ℝ
bias : Fin m → ℝ
g : (Fin m → ℝ) → ℝ
hg : Agent012.IsReLUNetExact m k g
hfx : ∀ (x : Fin n → ℝ), f x = g (Agent012.reluVec (A.mulVec x + bias))
x : Fin n → ℝ
⊢ g (Agent013.reluVec (A.mulVec x + bias)) = g (Agent013.reluVec ({ A := A, c := bias }.eval x))
/Users/panda/Desktop/Lean/quick-test/harness/BridgeAll.lean:11263:4: error: unsolved goals
case succ.mpr
k : ℕ
ih : ∀ (n : ℕ) (f : (Fin n → ℝ) → ℝ), Agent012.IsReLUNetExact n k f ↔ Agent013.IsReLURep n k f
n : ℕ
f : (Fin n → ℝ) → ℝ
m : ℕ
T : Agent013.AffineMap n m
g : (Fin m → ℝ) → ℝ
hg : Agent013.IsReLURep m k g
hfx : f = fun x => g (Agent013.reluVec (T.eval x))
x : Fin n → ℝ
hx : f x = g (Agent013.reluVec (T.eval x))
⊢ g (Agent013.reluVec (T.eval x)) = g (Agent013.reluVec (T.A.mulVec x + T.c))
/Users/panda/Desktop/Lean/quick-test/harness/BridgeAll.lean:11280:57: error: Type mismatch
  affine_eval_eq (h i) y
has type
  (h i).eval y 0 = ∑ j, (h i).A 0 j * y j + (h i).c 0
but is expected to have type
  (h i).eval y 0 = ∑ j, a i j * y j + b i
/Users/panda/Desktop/Lean/quick-test/harness/BridgeAll.lean:11285:58: error: Type mismatch
  affine_eval_eq (g i) x
has type
  (g i).eval x 0 = ∑ j, (g i).A 0 j * x j + (g i).c 0
but is expected to have type
  g' i x = ∑ i_1, (fun j => (g i).A 0 j) i_1 * x i_1 + (g i).c 0
/Users/panda/Desktop/Lean/quick-test/harness/BridgeAll.lean:11288:53: error: Application type mismatch: The argument
  hball
has type
  ∀ (y : Fin n → ℝ), dist y x < ε → f y = (g i).eval y 0
but is expected to have type
  ∀ (y : Fin n → ℝ), dist y x < ε → f y = g' i y
in the application
  ⟨hε, hball⟩
/Users/panda/Desktop/Lean/quick-test/harness/BridgeAll.lean:11301:23: warning: unused variable `hn`

Note: This linter can be disabled with `set_option linter.unusedVariables false`
@@BRIDGE Bridge_012_013 cpwl=SORRY relun=SORRY depth=PROVED statement=SORRY
/Users/panda/Desktop/Lean/quick-test/harness/BridgeAll.lean:11356:23: warning: unused variable `hn`

Note: This linter can be disabled with `set_option linter.unusedVariables false`
/Users/panda/Desktop/Lean/quick-test/harness/BridgeAll.lean:11407:55: error(lean.synthInstanceFailed): failed to synthesize instance of type class
  OfNat (Fin (pieces14 true).numConstraints) 0
numerals are polymorphic in Lean, but the numeral `0` cannot be used in a context where the expected type is
  Fin (pieces14 true).numConstraints
due to the absence of the instance above

Hint: Type class instance resolution failures can be inspected with the `set_option trace.Meta.synthInstance true` command.
/Users/panda/Desktop/Lean/quick-test/harness/BridgeAll.lean:11415:54: error(lean.synthInstanceFailed): failed to synthesize instance of type class
  OfNat (Fin (pieces14 false).numConstraints) 0
numerals are polymorphic in Lean, but the numeral `0` cannot be used in a context where the expected type is
  Fin (pieces14 false).numConstraints
due to the absence of the instance above

Hint: Type class instance resolution failures can be inspected with the `set_option trace.Meta.synthInstance true` command.
/Users/panda/Desktop/Lean/quick-test/harness/BridgeAll.lean:11533:16: error: unsolved goals
n : ℕ
x : Fin n → ℝ
i : Fin n
hrow : padMat n (Fin.natAdd n i) = (-1) i
⊢ (-x) i = -x i
/Users/panda/Desktop/Lean/quick-test/harness/BridgeAll.lean:11564:9: error(lean.unknownIdentifier): Unknown identifier `le_or_lt`
/Users/panda/Desktop/Lean/quick-test/harness/BridgeAll.lean:11564:33: error: Tactic `rcases` failed: `x✝ : ?m.17` is not an inductive datatype
/Users/panda/Desktop/Lean/quick-test/harness/BridgeAll.lean:11579:94: error: unsolved goals
n : ℕ
x : Fin n → ℝ
i : Fin n
hpc : (padFront n).eval x (Fin.castAdd n i) = x i
hpn : (padFront n).eval x (Fin.natAdd n i) = -x i
⊢ Agent014.relu (x i) = max 0 (x i)
/Users/panda/Desktop/Lean/quick-test/harness/BridgeAll.lean:11583:30: error: unsolved goals
n : ℕ
x : Fin n → ℝ
i : Fin n
hpc : (padFront n).eval x (Fin.castAdd n i) = x i
hpn : (padFront n).eval x (Fin.natAdd n i) = -x i
e1 : Agent014.reluVec ((padFront n).eval x) (Fin.castAdd n i) = max 0 (x i)
⊢ Agent014.relu (-x i) = max 0 (-x i)
/Users/panda/Desktop/Lean/quick-test/harness/BridgeAll.lean:11610:44: error: Tactic `rewrite` failed: Did not find an occurrence of the pattern
  f (L.eval y)
in the target expression
  (fun y => f (L.eval y)) y = (affineTComp T L).eval y 0

n : ℕ
f : (Fin n → ℝ) → ℝ
n' : ℕ
L : Agent014.AffineT n' n
T : Agent014.AffineT n 1
hT : ∀ (x : Fin n → ℝ), f x = T.eval x 0
y : Fin n' → ℝ
⊢ (fun y => f (L.eval y)) y = (affineTComp T L).eval y 0
/Users/panda/Desktop/Lean/quick-test/harness/BridgeAll.lean:11613:54: error: Tactic `rewrite` failed: Did not find an occurrence of the pattern
  f (L.eval y)
in the target expression
  (fun y => f (L.eval y)) y = g (Agent014.reluVec ((affineTComp T L).eval y))

n : ℕ
f : (Fin n → ℝ) → ℝ
n' : ℕ
L : Agent014.AffineT n' n
k m : ℕ
T : Agent014.AffineT n m
g : (Fin m → ℝ) → ℝ
hg : Agent014.IsReLUNetFun m k g
hf : ∀ (x : Fin n → ℝ), f x = g (Agent014.reluVec (T.eval x))
y : Fin n' → ℝ
⊢ (fun y => f (L.eval y)) y = g (Agent014.reluVec ((affineTComp T L).eval y))
/Users/panda/Desktop/Lean/quick-test/harness/BridgeAll.lean:11693:8: warning: declaration uses 'sorry'
@@BRIDGE Bridge_013_014 cpwl=SORRY_NE relun=SORRY depth=PROVED statement=SORRY
/Users/panda/Desktop/Lean/quick-test/harness/BridgeAll.lean:11776:23: warning: unused variable `hn`

Note: This linter can be disabled with `set_option linter.unusedVariables false`
/Users/panda/Desktop/Lean/quick-test/harness/BridgeAll.lean:11809:42: error(lean.synthInstanceFailed): failed to synthesize instance of type class
  OfNat (Fin piece1.numConstraints) 0
numerals are polymorphic in Lean, but the numeral `0` cannot be used in a context where the expected type is
  Fin piece1.numConstraints
due to the absence of the instance above

Hint: Type class instance resolution failures can be inspected with the `set_option trace.Meta.synthInstance true` command.
/Users/panda/Desktop/Lean/quick-test/harness/BridgeAll.lean:11809:68: error(lean.synthInstanceFailed): failed to synthesize instance of type class
  OfNat (Fin piece1.numConstraints) 0
numerals are polymorphic in Lean, but the numeral `0` cannot be used in a context where the expected type is
  Fin piece1.numConstraints
due to the absence of the instance above

Hint: Type class instance resolution failures can be inspected with the `set_option trace.Meta.synthInstance true` command.
/Users/panda/Desktop/Lean/quick-test/harness/BridgeAll.lean:11809:75: error(lean.synthInstanceFailed): failed to synthesize instance of type class
  OfNat (Fin piece1.numConstraints) 0
numerals are polymorphic in Lean, but the numeral `0` cannot be used in a context where the expected type is
  Fin piece1.numConstraints
due to the absence of the instance above

Hint: Type class instance resolution failures can be inspected with the `set_option trace.Meta.synthInstance true` command.
/Users/panda/Desktop/Lean/quick-test/harness/BridgeAll.lean:11814:53: error(lean.synthInstanceFailed): failed to synthesize instance of type class
  OfNat (Fin piece1.numConstraints) 0
numerals are polymorphic in Lean, but the numeral `0` cannot be used in a context where the expected type is
  Fin piece1.numConstraints
due to the absence of the instance above

Hint: Type class instance resolution failures can be inspected with the `set_option trace.Meta.synthInstance true` command.
/Users/panda/Desktop/Lean/quick-test/harness/BridgeAll.lean:11814:33: error(lean.synthInstanceFailed): failed to synthesize instance of type class
  Subsingleton (Fin piece1.numConstraints)

Hint: Type class instance resolution failures can be inspected with the `set_option trace.Meta.synthInstance true` command.
/Users/panda/Desktop/Lean/quick-test/harness/BridgeAll.lean:11816:37: error(lean.synthInstanceFailed): failed to synthesize instance of type class
  OfNat (Fin piece1.numConstraints) 0
numerals are polymorphic in Lean, but the numeral `0` cannot be used in a context where the expected type is
  Fin piece1.numConstraints
due to the absence of the instance above

Hint: Type class instance resolution failures can be inspected with the `set_option trace.Meta.synthInstance true` command.
/Users/panda/Desktop/Lean/quick-test/harness/BridgeAll.lean:11816:63: error(lean.synthInstanceFailed): failed to synthesize instance of type class
  OfNat (Fin piece1.numConstraints) 0
numerals are polymorphic in Lean, but the numeral `0` cannot be used in a context where the expected type is
  Fin piece1.numConstraints
due to the absence of the instance above

Hint: Type class instance resolution failures can be inspected with the `set_option trace.Meta.synthInstance true` command.
/Users/panda/Desktop/Lean/quick-test/harness/BridgeAll.lean:11825:42: error(lean.synthInstanceFailed): failed to synthesize instance of type class
  OfNat (Fin piece2.numConstraints) 0
numerals are polymorphic in Lean, but the numeral `0` cannot be used in a context where the expected type is
  Fin piece2.numConstraints
due to the absence of the instance above

Hint: Type class instance resolution failures can be inspected with the `set_option trace.Meta.synthInstance true` command.
/Users/panda/Desktop/Lean/quick-test/harness/BridgeAll.lean:11825:68: error(lean.synthInstanceFailed): failed to synthesize instance of type class
  OfNat (Fin piece2.numConstraints) 0
numerals are polymorphic in Lean, but the numeral `0` cannot be used in a context where the expected type is
  Fin piece2.numConstraints
due to the absence of the instance above

Hint: Type class instance resolution failures can be inspected with the `set_option trace.Meta.synthInstance true` command.
/Users/panda/Desktop/Lean/quick-test/harness/BridgeAll.lean:11825:75: error(lean.synthInstanceFailed): failed to synthesize instance of type class
  OfNat (Fin piece2.numConstraints) 0
numerals are polymorphic in Lean, but the numeral `0` cannot be used in a context where the expected type is
  Fin piece2.numConstraints
due to the absence of the instance above

Hint: Type class instance resolution failures can be inspected with the `set_option trace.Meta.synthInstance true` command.
/Users/panda/Desktop/Lean/quick-test/harness/BridgeAll.lean:11830:53: error(lean.synthInstanceFailed): failed to synthesize instance of type class
  OfNat (Fin piece2.numConstraints) 0
numerals are polymorphic in Lean, but the numeral `0` cannot be used in a context where the expected type is
  Fin piece2.numConstraints
due to the absence of the instance above

Hint: Type class instance resolution failures can be inspected with the `set_option trace.Meta.synthInstance true` command.
/Users/panda/Desktop/Lean/quick-test/harness/BridgeAll.lean:11830:33: error(lean.synthInstanceFailed): failed to synthesize instance of type class
  Subsingleton (Fin piece2.numConstraints)

Hint: Type class instance resolution failures can be inspected with the `set_option trace.Meta.synthInstance true` command.
/Users/panda/Desktop/Lean/quick-test/harness/BridgeAll.lean:11832:37: error(lean.synthInstanceFailed): failed to synthesize instance of type class
  OfNat (Fin piece2.numConstraints) 0
numerals are polymorphic in Lean, but the numeral `0` cannot be used in a context where the expected type is
  Fin piece2.numConstraints
due to the absence of the instance above

Hint: Type class instance resolution failures can be inspected with the `set_option trace.Meta.synthInstance true` command.
/Users/panda/Desktop/Lean/quick-test/harness/BridgeAll.lean:11832:63: error(lean.synthInstanceFailed): failed to synthesize instance of type class
  OfNat (Fin piece2.numConstraints) 0
numerals are polymorphic in Lean, but the numeral `0` cannot be used in a context where the expected type is
  Fin piece2.numConstraints
due to the absence of the instance above

Hint: Type class instance resolution failures can be inspected with the `set_option trace.Meta.synthInstance true` command.
/Users/panda/Desktop/Lean/quick-test/harness/BridgeAll.lean:11866:25: error(lean.unknownIdentifier): Unknown constant `Matrix.dotProduct`
/Users/panda/Desktop/Lean/quick-test/harness/BridgeAll.lean:11863:72: error: unsolved goals
m : ℕ
g : Fin m → Agent015.AffineMap 1 1
hloc : ∀ (x : Agent015.Vec 1), ∃ i, ∃ ε > 0, ∀ (y : Agent015.Vec 1), dist y x < ε → reluWitness y = (g i).toFun y 0
i : Fin m
ε : ℝ
hε : ε > 0
T : Agent015.AffineMap 1 1 := g i
hball : ∀ (y : Agent015.Vec 1), dist y 0 < ε → reluWitness y = T.toFun y 0
y : Fin 1 → ℝ
⊢ (fun j => T.A 0 j) ⬝ᵥ y = T.A 0 0 * y 0
/Users/panda/Desktop/Lean/quick-test/harness/BridgeAll.lean:11866:44: warning: This simp argument is unused:
  Fin.sum_univ_one

Hint: Omit it from the simp argument list.
  simp [Matrix.mulVec, Matrix.dotProduct, F̵i̵n̵.̵s̵u̵m̵_̵u̵n̵i̵v̵_̵o̵n̵e̵,̵ ̵Pi.add_apply]

Note: This linter can be disabled with `set_option linter.unusedSimpArgs false`
/Users/panda/Desktop/Lean/quick-test/harness/BridgeAll.lean:11914:8: warning: declaration uses 'sorry'
@@BRIDGE Bridge_014_015 cpwl=SORRY_NE relun=PROVED depth=PROVED statement=SORRY
/Users/panda/Desktop/Lean/quick-test/harness/BridgeAll.lean:12011:8: warning: declaration uses 'sorry'
/Users/panda/Desktop/Lean/quick-test/harness/BridgeAll.lean:12016:23: warning: unused variable `hn`

Note: This linter can be disabled with `set_option linter.unusedVariables false`
/Users/panda/Desktop/Lean/quick-test/harness/BridgeAll.lean:12025:8: warning: declaration uses 'sorry'
@@BRIDGE Bridge_015_016 cpwl=PROVED relun=SORRY depth=PROVED statement=SORRY
/Users/panda/Desktop/Lean/quick-test/harness/BridgeAll.lean:12155:53: error: mod_cast has type
  ↑(n - 1) = ↑(n - 1)
but is expected to have type
  n - 1 = n - 1
@@BRIDGE Bridge_016_017 cpwl=PROVED relun=PROVED depth=SORRY statement=SORRY
/Users/panda/Desktop/Lean/quick-test/harness/BridgeAll.lean:12305:50: error: mod_cast has type
  ↑(n - 1) = ↑(n - 1)
but is expected to have type
  n - 1 = n - 1
@@BRIDGE Bridge_017_018 cpwl=PROVED relun=PROVED depth=SORRY statement=SORRY
/Users/panda/Desktop/Lean/quick-test/harness/BridgeAll.lean:12356:23: warning: unused variable `hn`

Note: This linter can be disabled with `set_option linter.unusedVariables false`
/Users/panda/Desktop/Lean/quick-test/harness/BridgeAll.lean:12397:8: warning: declaration uses 'sorry'
/Users/panda/Desktop/Lean/quick-test/harness/BridgeAll.lean:12404:8: warning: declaration uses 'sorry'
@@BRIDGE Bridge_018_019 cpwl=PROVED relun=SORRY depth=PROVED statement=SORRY
/Users/panda/Desktop/Lean/quick-test/harness/BridgeAll.lean:12461:8: warning: declaration uses 'sorry'
/Users/panda/Desktop/Lean/quick-test/harness/BridgeAll.lean:12469:8: warning: declaration uses 'sorry'
/Users/panda/Desktop/Lean/quick-test/harness/BridgeAll.lean:12476:8: warning: declaration uses 'sorry'
@@BRIDGE Bridge_019_020 cpwl=SORRY relun=SORRY depth=PROVED statement=SORRY
/Users/panda/Desktop/Lean/quick-test/harness/BridgeAll.lean:12536:8: warning: declaration uses 'sorry'
/Users/panda/Desktop/Lean/quick-test/harness/BridgeAll.lean:12545:8: warning: declaration uses 'sorry'
/Users/panda/Desktop/Lean/quick-test/harness/BridgeAll.lean:12554:8: warning: declaration uses 'sorry'
@@BRIDGE Bridge_020_021 cpwl=SORRY relun=SORRY depth=PROVED statement=SORRY
/Users/panda/Desktop/Lean/quick-test/harness/BridgeAll.lean:12615:53: error(lean.unknownIdentifier): Unknown constant `Matrix.dotProduct`
/Users/panda/Desktop/Lean/quick-test/harness/BridgeAll.lean:12612:15: error: unsolved goals
n k : ℕ
f : (Fin n → ℝ) → ℝ
T : Agent021.AffineMap n 1
x : Fin n → ℝ
⊢ (fun j => T.A 0 j) ⬝ᵥ x = ∑ j, T.A 0 j * x j
/Users/panda/Desktop/Lean/quick-test/harness/BridgeAll.lean:12629:55: error(lean.unknownIdentifier): Unknown constant `Matrix.dotProduct`
/Users/panda/Desktop/Lean/quick-test/harness/BridgeAll.lean:12626:98: error: unsolved goals
case h
n : ℕ
f : (Fin n → ℝ) → ℝ
w : Fin n → ℝ
b : ℝ
hf : ∀ (x : Fin n → ℝ), f x = ∑ j, w j * x j + b
x : Fin n → ℝ
⊢ ∑ j, w j * x j = (fun j => w j) ⬝ᵥ x
/Users/panda/Desktop/Lean/quick-test/harness/BridgeAll.lean:12656:23: warning: unused variable `hn`

Note: This linter can be disabled with `set_option linter.unusedVariables false`
/Users/panda/Desktop/Lean/quick-test/harness/BridgeAll.lean:12678:10: error: linarith failed to find a contradiction
case refine_1.«0».h.mp.«0».h
hEq : Agent021.CPWL 1 = Agent022.CPWL 1
x : Fin 1 → ℝ
h : x ∈ ![{x | x 0 ≤ 0}, {x | 0 ≤ x 0}] ⟨0, ⋯⟩
a✝ : 0 < 1 * x 0
⊢ False
failed
/Users/panda/Desktop/Lean/quick-test/harness/BridgeAll.lean:12682:10: error: linarith failed to find a contradiction
case refine_1.«0».h.mpr
hEq : Agent021.CPWL 1 = Agent022.CPWL 1
x : Fin 1 → ℝ
h : ∀ (l : Fin 1), ∑ x_1, 1 * x x_1 ≤ 0
h0 : 1 * x 0 ≤ 0
⊢ False
failed
/Users/panda/Desktop/Lean/quick-test/harness/BridgeAll.lean:12691:10: error: linarith failed to find a contradiction
case refine_1.«1».h.mp.«0».h
hEq : Agent021.CPWL 1 = Agent022.CPWL 1
x : Fin 1 → ℝ
h : x ∈ ![{x | x 0 ≤ 0}, {x | 0 ≤ x 0}] ⟨1, ⋯⟩
a✝ : 0 < -1 * x 0
⊢ False
failed
/Users/panda/Desktop/Lean/quick-test/harness/BridgeAll.lean:12695:10: error: linarith failed to find a contradiction
case refine_1.«1».h.mpr
hEq : Agent021.CPWL 1 = Agent022.CPWL 1
x : Fin 1 → ℝ
h : ∀ (l : Fin 1), ∑ x_1, -1 * x x_1 ≤ 0
h0 : -1 * x 0 ≤ 0
⊢ False
failed
/Users/panda/Desktop/Lean/quick-test/harness/BridgeAll.lean:12698:13: error(lean.unknownIdentifier): Unknown identifier `le_or_lt`
/Users/panda/Desktop/Lean/quick-test/harness/BridgeAll.lean:12698:35: error: Tactic `rcases` failed: `x✝ : ?m.731` is not an inductive datatype
Try this:
  [apply] ring_nf
  
  The `ring` tactic failed to close the goal. Use `ring_nf` to obtain a normal form.
    
  Note that `ring` works primarily in *commutative* rings. If you have a noncommutative ring, abelian group or module, consider using `noncomm_ring`, `abel` or `module` instead.
/Users/panda/Desktop/Lean/quick-test/harness/BridgeAll.lean:12703:6: error: unsolved goals
case refine_3.«0»
hEq : Agent021.CPWL 1 = Agent022.CPWL 1
x : Fin 1 → ℝ
hx : x ∈ ![{x | x 0 ≤ 0}, {x | 0 ≤ x 0}] ⟨0, ⋯⟩
⊢ 0 = ![fun x => 0, fun x => 1] ⟨0, ⋯⟩ 0 * x 0 + ![0, 0] ⟨0, ⋯⟩
Try this:
  [apply] ring_nf
  
  The `ring` tactic failed to close the goal. Use `ring_nf` to obtain a normal form.
    
  Note that `ring` works primarily in *commutative* rings. If you have a noncommutative ring, abelian group or module, consider using `noncomm_ring`, `abel` or `module` instead.
/Users/panda/Desktop/Lean/quick-test/harness/BridgeAll.lean:12708:6: error: unsolved goals
case refine_3.«1»
hEq : Agent021.CPWL 1 = Agent022.CPWL 1
x : Fin 1 → ℝ
hx : x ∈ ![{x | x 0 ≤ 0}, {x | 0 ≤ x 0}] ⟨1, ⋯⟩
⊢ x 0 = ![fun x => 0, fun x => 1] ⟨1, ⋯⟩ 0 * x 0 + ![0, 0] ⟨1, ⋯⟩
/Users/panda/Desktop/Lean/quick-test/harness/BridgeAll.lean:12670:19: warning: This simp argument is unused:
  Matrix.cons_val_zero

Hint: Omit it from the simp argument list.
  simp only ̵[̵M̵a̵t̵r̵i̵x̵.̵c̵o̵n̵s̵_̵v̵a̵l̵_̵z̵e̵r̵o̵]̵

Note: This linter can be disabled with `set_option linter.unusedSimpArgs false`
/Users/panda/Desktop/Lean/quick-test/harness/BridgeAll.lean:12683:19: warning: This simp argument is unused:
  Matrix.cons_val_one

Hint: Omit it from the simp argument list.
  simp only ̵[̵M̵a̵t̵r̵i̵x̵.̵c̵o̵n̵s̵_̵v̵a̵l̵_̵o̵n̵e̵]̵

Note: This linter can be disabled with `set_option linter.unusedSimpArgs false`
/Users/panda/Desktop/Lean/quick-test/harness/BridgeAll.lean:12704:19: warning: This simp argument is unused:
  Matrix.cons_val_zero

Hint: Omit it from the simp argument list.
  simp only [M̵a̵t̵r̵i̵x̵.̵c̵o̵n̵s̵_̵v̵a̵l̵_̵z̵e̵r̵o̵,̵ ̵Set.mem_setOf_eq] at hx

Note: This linter can be disabled with `set_option linter.unusedSimpArgs false`
/Users/panda/Desktop/Lean/quick-test/harness/BridgeAll.lean:12704:41: warning: This simp argument is unused:
  Set.mem_setOf_eq

Hint: Omit it from the simp argument list.
  simp only [Matrix.cons_val_zero,̵ ̵S̵e̵t̵.̵m̵e̵m̵_̵s̵e̵t̵O̵f̵_̵e̵q̵] at hx

Note: This linter can be disabled with `set_option linter.unusedSimpArgs false`
/Users/panda/Desktop/Lean/quick-test/harness/BridgeAll.lean:12705:19: warning: This simp argument is unused:
  Matrix.cons_val_zero

Hint: Omit it from the simp argument list.
  simp only [M̵a̵t̵r̵i̵x̵.̵c̵o̵n̵s̵_̵v̵a̵l̵_̵z̵e̵r̵o̵,̵ ̵Fin.sum_univ_one]

Note: This linter can be disabled with `set_option linter.unusedSimpArgs false`
/Users/panda/Desktop/Lean/quick-test/harness/BridgeAll.lean:12709:19: warning: This simp argument is unused:
  Matrix.cons_val_one

Hint: Omit it from the simp argument list.
  simp only [M̵a̵t̵r̵i̵x̵.̵c̵o̵n̵s̵_̵v̵a̵l̵_̵o̵n̵e̵,̵ ̵Set.mem_setOf_eq] at hx

Note: This linter can be disabled with `set_option linter.unusedSimpArgs false`
/Users/panda/Desktop/Lean/quick-test/harness/BridgeAll.lean:12709:40: warning: This simp argument is unused:
  Set.mem_setOf_eq

Hint: Omit it from the simp argument list.
  simp only [Matrix.cons_val_one,̵ ̵S̵e̵t̵.̵m̵e̵m̵_̵s̵e̵t̵O̵f̵_̵e̵q̵] at hx

Note: This linter can be disabled with `set_option linter.unusedSimpArgs false`
/Users/panda/Desktop/Lean/quick-test/harness/BridgeAll.lean:12710:19: warning: This simp argument is unused:
  Matrix.cons_val_one

Hint: Omit it from the simp argument list.
  simp only [M̵a̵t̵r̵i̵x̵.̵c̵o̵n̵s̵_̵v̵a̵l̵_̵o̵n̵e̵,̵ ̵Fin.sum_univ_one]

Note: This linter can be disabled with `set_option linter.unusedSimpArgs false`
/Users/panda/Desktop/Lean/quick-test/harness/BridgeAll.lean:12774:8: warning: declaration uses 'sorry'
@@BRIDGE Bridge_021_022 cpwl=SORRY_NE relun=SORRY depth=PROVED statement=SORRY
/Users/panda/Desktop/Lean/quick-test/harness/BridgeAll.lean:12840:60: error: unsolved goals
k : ℕ
ih : ∀ (n : ℕ) (f : (Fin n → ℝ) → ℝ), Agent022.ExactReLUComputable k n f ↔ Agent023.IsReLUNetworkFunc k n f
n : ℕ
f : (Fin n → ℝ) → ℝ
m : ℕ
T : Agent022.AffineMap' n m
g : (Fin m → ℝ) → ℝ
hg : Agent022.ExactReLUComputable k m g
hf : f = g ∘ Agent022.reluVec ∘ T.apply
x : Fin n → ℝ
⊢ (g ∘ Agent022.reluVec ∘ T.apply) x = g (Agent022.reluVec (T.apply x))
/Users/panda/Desktop/Lean/quick-test/harness/BridgeAll.lean:12846:16: error: Tactic `rewrite` failed: Did not find an occurrence of the pattern
  Agent022.AffineMap'.apply ?T ?x
in the target expression
  g (Agent023.reluVec (T.eval x)) = (g ∘ Agent022.reluVec ∘ { A := T.A, c := T.c }.apply) x

case succ.mpr.h
k : ℕ
ih : ∀ (n : ℕ) (f : (Fin n → ℝ) → ℝ), Agent022.ExactReLUComputable k n f ↔ Agent023.IsReLUNetworkFunc k n f
n : ℕ
f : (Fin n → ℝ) → ℝ
m : ℕ
T : Agent023.AffineMap n m
g : (Fin m → ℝ) → ℝ
hg : Agent023.IsReLUNetworkFunc k m g
hf : f = fun x => g (Agent023.reluVec (T.eval x))
x : Fin n → ℝ
hx : f x = g (Agent023.reluVec (T.eval x))
⊢ g (Agent023.reluVec (T.eval x)) = (g ∘ Agent022.reluVec ∘ { A := T.A, c := T.c }.apply) x
/Users/panda/Desktop/Lean/quick-test/harness/BridgeAll.lean:12880:23: warning: unused variable `hn`

Note: This linter can be disabled with `set_option linter.unusedVariables false`
@@BRIDGE Bridge_022_023 cpwl=PROVED relun=SORRY depth=PROVED statement=SORRY
/Users/panda/Desktop/Lean/quick-test/harness/BridgeAll.lean:12934:46: error(lean.unknownIdentifier): Unknown constant `Matrix.dotProduct`
/Users/panda/Desktop/Lean/quick-test/harness/BridgeAll.lean:12933:50: error: unsolved goals
a b : ℕ
T : Agent024.Affine a b
x : Fin a → ℝ
i : Fin b
⊢ (fun j => T.A i j) ⬝ᵥ x = ∑ j, T.A i j * x j
/Users/panda/Desktop/Lean/quick-test/harness/BridgeAll.lean:12944:53: error: typeclass instance problem is stuck
  OfNat (Fin ?m.49) 0

Note: Lean will not try to resolve this typeclass instance problem because the first type argument to `OfNat` contains metavariables. This argument must be fully determined before Lean will try to resolve the typeclass.

Hint: Adding type annotations and supplying implicit arguments to functions can give Lean more information for typeclass resolution. For example, if you have a variable `x` that you intend to be a `Nat`, but Lean reports it as having an unresolved type like `?m`, replacing `x` with `(x : Nat)` can get typeclass resolution un-stuck.
numerals are polymorphic in Lean, but the numeral `0` cannot be used in a context where the expected type is
  Fin ?m.49
due to the absence of the instance above
/Users/panda/Desktop/Lean/quick-test/harness/BridgeAll.lean:12981:16: error(lean.unknownIdentifier): Unknown identifier `m`
/Users/panda/Desktop/Lean/quick-test/harness/BridgeAll.lean:12981:54: error(lean.unknownIdentifier): Unknown identifier `m`
/Users/panda/Desktop/Lean/quick-test/harness/BridgeAll.lean:12981:21: error(lean.unknownIdentifier): Unknown identifier `T.A`
/Users/panda/Desktop/Lean/quick-test/harness/BridgeAll.lean:12981:26: error(lean.unknownIdentifier): Unknown identifier `T.c`
/Users/panda/Desktop/Lean/quick-test/harness/BridgeAll.lean:12981:58: error(lean.unknownIdentifier): Unknown identifier `f'`
/Users/panda/Desktop/Lean/quick-test/harness/BridgeAll.lean:12981:66: error(lean.unknownIdentifier): Unknown identifier `m`
/Users/panda/Desktop/Lean/quick-test/harness/BridgeAll.lean:12981:68: error(lean.unknownIdentifier): Unknown identifier `f'`
/Users/panda/Desktop/Lean/quick-test/harness/BridgeAll.lean:12981:76: error(lean.unknownIdentifier): Unknown identifier `hf'`
/Users/panda/Desktop/Lean/quick-test/harness/BridgeAll.lean:12996:31: error: typeclass instance problem is stuck
  OfNat (Fin ?m.123) 0

Note: Lean will not try to resolve this typeclass instance problem because the first type argument to `OfNat` contains metavariables. This argument must be fully determined before Lean will try to resolve the typeclass.

Hint: Adding type annotations and supplying implicit arguments to functions can give Lean more information for typeclass resolution. For example, if you have a variable `x` that you intend to be a `Nat`, but Lean reports it as having an unresolved type like `?m`, replacing `x` with `(x : Nat)` can get typeclass resolution un-stuck.
numerals are polymorphic in Lean, but the numeral `0` cannot be used in a context where the expected type is
  Fin ?m.123
due to the absence of the instance above
/Users/panda/Desktop/Lean/quick-test/harness/BridgeAll.lean:13017:23: warning: unused variable `hn`

Note: This linter can be disabled with `set_option linter.unusedVariables false`
@@BRIDGE Bridge_023_024 cpwl=SORRY relun=SORRY depth=PROVED statement=SORRY
/Users/panda/Desktop/Lean/quick-test/harness/BridgeAll.lean:13096:8: warning: declaration uses 'sorry'
/Users/panda/Desktop/Lean/quick-test/harness/BridgeAll.lean:13099:23: warning: unused variable `hn`

Note: This linter can be disabled with `set_option linter.unusedVariables false`
/Users/panda/Desktop/Lean/quick-test/harness/BridgeAll.lean:13106:8: warning: declaration uses 'sorry'
@@BRIDGE Bridge_024_025 cpwl=PROVED relun=SORRY depth=PROVED statement=SORRY
/Users/panda/Desktop/Lean/quick-test/harness/BridgeAll.lean:13140:17: error: linarith failed to find a contradiction
case h.mp.h
hEq : Agent025.CPWL 1 = Agent026.CPWL 1
hCont : Continuous fun x => max 0 (x 0)
x : Fin 1 → ℝ
hx : x ∈ {x | 0 ≤ x 0}
i : Fin 1
a✝ : 0 < -1 * x 0
⊢ False
failed
/Users/panda/Desktop/Lean/quick-test/harness/BridgeAll.lean:13151:17: error: linarith failed to find a contradiction
case h.mp.h
hEq : Agent025.CPWL 1 = Agent026.CPWL 1
hCont : Continuous fun x => max 0 (x 0)
hPoly0 : Agent026.IsPolyhedron {x | 0 ≤ x 0}
x : Fin 1 → ℝ
hx : x ∈ {x | x 0 ≤ 0}
i : Fin 1
a✝ : 0 < 1 * x 0
⊢ False
failed
/Users/panda/Desktop/Lean/quick-test/harness/BridgeAll.lean:13170:44: error: Application type mismatch: The argument
  hx
has type
  x ∈ ![{x | 0 ≤ x 0}, {x | x 0 ≤ 0}] ⟨0, ⋯⟩
but is expected to have type
  ?m.827 ≤ ?m.826
in the application
  max_eq_left hx
/Users/panda/Desktop/Lean/quick-test/harness/BridgeAll.lean:13169:6: error: unsolved goals
case refine_3.«0»
hEq : Agent025.CPWL 1 = Agent026.CPWL 1
hCont : Continuous fun x => max 0 (x 0)
hPoly0 : Agent026.IsPolyhedron {x | 0 ≤ x 0}
hPoly1 : Agent026.IsPolyhedron {x | x 0 ≤ 0}
x : Fin 1 → ℝ
hx : x ∈ ![{x | 0 ≤ x 0}, {x | x 0 ≤ 0}] ⟨0, ⋯⟩
⊢ 0 ≤ x 0
/Users/panda/Desktop/Lean/quick-test/harness/BridgeAll.lean:13172:45: error: Application type mismatch: The argument
  hx
has type
  x ∈ ![{x | 0 ≤ x 0}, {x | x 0 ≤ 0}] ⟨1, ⋯⟩
but is expected to have type
  ?m.829 ≤ ?m.830
in the application
  max_eq_right hx
/Users/panda/Desktop/Lean/quick-test/harness/BridgeAll.lean:13171:6: error: unsolved goals
case refine_3.«1»
hEq : Agent025.CPWL 1 = Agent026.CPWL 1
hCont : Continuous fun x => max 0 (x 0)
hPoly0 : Agent026.IsPolyhedron {x | 0 ≤ x 0}
hPoly1 : Agent026.IsPolyhedron {x | x 0 ≤ 0}
x : Fin 1 → ℝ
hx : x ∈ ![{x | 0 ≤ x 0}, {x | x 0 ≤ 0}] ⟨1, ⋯⟩
⊢ x 0 ≤ 0
/Users/panda/Desktop/Lean/quick-test/harness/BridgeAll.lean:13189:2: error: linarith failed to find a contradiction
hEq : Agent025.CPWL 1 = Agent026.CPWL 1
hCont : Continuous fun x => max 0 (x 0)
hPoly0 : Agent026.IsPolyhedron {x | 0 ≤ x 0}
hPoly1 : Agent026.IsPolyhedron {x | x 0 ≤ 0}
m : ℕ
g : Fin m → (Fin 1 → ℝ) → ℝ
hAff : ∀ (i : Fin m), Agent025.IsAffine 1 (g i)
hcov : ∀ (x : Fin 1 → ℝ), ∃ i, ∀ᶠ (y : Fin 1 → ℝ) in nhds x, (fun x => max 0 (x 0)) y = g i y
i : Fin m
hi : ∀ᶠ (y : Fin 1 → ℝ) in nhds fun x => 0, (fun x => max 0 (x 0)) y = g i y
a : Fin 1 → ℝ
c : ℝ
hga : ∀ (x : Fin 1 → ℝ), g i x = ∑ j, a j * x j + c
hmap : Continuous fun t x => t
ε : ℝ
hε : 0 < ε
hkey : ∀ ⦃x : ℝ⦄, x ∈ Metric.ball 0 ε → max 0 x = a 0 * x + c
h1 : ε / 2 = a 0 * (ε / 2) + c
h2 : 0 = a 0 * -(ε / 2) + c
⊢ False
failed
/Users/panda/Desktop/Lean/quick-test/harness/BridgeAll.lean:13169:19: warning: This simp argument is unused:
  Matrix.cons_val_zero

Hint: Omit it from the simp argument list.
  simp only [̵M̵a̵t̵r̵i̵x̵.̵c̵o̵n̵s̵_̵v̵a̵l̵_̵z̵e̵r̵o̵]̵ ̵at hx ⊢

Note: This linter can be disabled with `set_option linter.unusedSimpArgs false`
/Users/panda/Desktop/Lean/quick-test/harness/BridgeAll.lean:13170:14: warning: This simp argument is unused:
  Fin.sum_univ_one

Hint: Omit it from the simp argument list.
  simp [̵F̵i̵n̵.̵s̵u̵m̵_̵u̵n̵i̵v̵_̵o̵n̵e̵,̵ ̵m̵a̵x̵_̵e̵q̵_̵l̵e̵f̵t̵[̲m̲a̲x̲_̲e̲q̲_̲l̲e̲f̲t̲ hx]

Note: This linter can be disabled with `set_option linter.unusedSimpArgs false`
/Users/panda/Desktop/Lean/quick-test/harness/BridgeAll.lean:13171:19: warning: This simp argument is unused:
  Matrix.cons_val_one

Hint: Omit it from the simp argument list.
  simp only [Matrix.c̵o̵n̵s̵_̵v̵a̵l̵_̵o̵n̵e̵,̵ ̵M̵a̵t̵r̵i̵x̵.̵head_cons] at hx ⊢

Note: This linter can be disabled with `set_option linter.unusedSimpArgs false`
/Users/panda/Desktop/Lean/quick-test/harness/BridgeAll.lean:13171:40: warning: This simp argument is unused:
  Matrix.head_cons

Hint: Omit it from the simp argument list.
  simp only [Matrix.cons_val_one,̵ ̵M̵a̵t̵r̵i̵x̵.̵h̵e̵a̵d̵_̵c̵o̵n̵s̵] at hx ⊢

Note: This linter can be disabled with `set_option linter.unusedSimpArgs false`
/Users/panda/Desktop/Lean/quick-test/harness/BridgeAll.lean:13172:14: warning: This simp argument is unused:
  Fin.sum_univ_one

Hint: Omit it from the simp argument list.
  simp [̵F̵i̵n̵.̵s̵u̵m̵_̵u̵n̵i̵v̵_̵o̵n̵e̵,̵ ̵m̵a̵x̵_̵e̵q̵_̵r̵i̵g̵h̵t̵[̲m̲a̲x̲_̲e̲q̲_̲r̲i̲g̲h̲t̲ hx]

Note: This linter can be disabled with `set_option linter.unusedSimpArgs false`
/Users/panda/Desktop/Lean/quick-test/harness/BridgeAll.lean:13196:8: warning: declaration uses 'sorry'
/Users/panda/Desktop/Lean/quick-test/harness/BridgeAll.lean:13199:23: warning: unused variable `hn`

Note: This linter can be disabled with `set_option linter.unusedVariables false`
/Users/panda/Desktop/Lean/quick-test/harness/BridgeAll.lean:13207:8: warning: declaration uses 'sorry'
@@BRIDGE Bridge_025_026 cpwl=SORRY_NE relun=SORRY depth=PROVED statement=SORRY
/Users/panda/Desktop/Lean/quick-test/harness/BridgeAll.lean:13270:23: warning: unused variable `hn`

Note: This linter can be disabled with `set_option linter.unusedVariables false`
/Users/panda/Desktop/Lean/quick-test/harness/BridgeAll.lean:13320:6: error: Type mismatch
  max_eq_left hx0
has type
  max 0 (x 0) = 0
but is expected to have type
  max 0 (x 0) = ![A0, A1] ⟨0, ⋯⟩ 0 * x 0 + ![0, 0] ⟨0, ⋯⟩
/Users/panda/Desktop/Lean/quick-test/harness/BridgeAll.lean:13324:6: error: Type mismatch
  max_eq_right hx0
has type
  max 0 (x 0) = x 0
but is expected to have type
  max 0 (x 0) = ![A0, A1] ⟨1, ⋯⟩ 0 * x 0 + ![0, 0] ⟨1, ⋯⟩
/Users/panda/Desktop/Lean/quick-test/harness/BridgeAll.lean:13319:21: warning: This simp argument is unused:
  Matrix.cons_val_zero

Hint: Omit it from the simp argument list.
  simp only [wf, M̵a̵t̵r̵i̵x̵.̵c̵o̵n̵s̵_̵v̵a̵l̵_̵z̵e̵r̵o̵,̵ ̵A0, Fin.sum_univ_one, mul_zero, zero_add]

Note: This linter can be disabled with `set_option linter.unusedSimpArgs false`
/Users/panda/Desktop/Lean/quick-test/harness/BridgeAll.lean:13319:43: warning: This simp argument is unused:
  A0

Hint: Omit it from the simp argument list.
  simp only [wf, Matrix.cons_val_zero, A̵0̵,̵ ̵Fin.sum_univ_one, mul_zero, zero_add]

Note: This linter can be disabled with `set_option linter.unusedSimpArgs false`
/Users/panda/Desktop/Lean/quick-test/harness/BridgeAll.lean:13319:65: warning: This simp argument is unused:
  mul_zero

Hint: Omit it from the simp argument list.
  simp only [wf, Matrix.cons_val_zero, A0, Fin.sum_univ_one, m̵u̵l̵_̵zero,̵ ̵z̵e̵r̵o̵_add]

Note: This linter can be disabled with `set_option linter.unusedSimpArgs false`
/Users/panda/Desktop/Lean/quick-test/harness/BridgeAll.lean:13319:75: warning: This simp argument is unused:
  zero_add

Hint: Omit it from the simp argument list.
  simp only [wf, Matrix.cons_val_zero, A0, Fin.sum_univ_one, mul_zero,̵ ̵z̵e̵r̵o̵_̵a̵d̵d̵]

Note: This linter can be disabled with `set_option linter.unusedSimpArgs false`
/Users/panda/Desktop/Lean/quick-test/harness/BridgeAll.lean:13322:21: warning: This simp argument is unused:
  Matrix.cons_val_one

Hint: Omit it from the simp argument list.
  simp only [wf, M̵a̵t̵r̵i̵x̵.̵c̵o̵n̵s̵_̵v̵a̵l̵_̵o̵n̵e̵,̵ ̵Matrix.cons_val_zero, A1, Fin.sum_univ_one, one_mul, add_zero]

Note: This linter can be disabled with `set_option linter.unusedSimpArgs false`
/Users/panda/Desktop/Lean/quick-test/harness/BridgeAll.lean:13322:42: warning: This simp argument is unused:
  Matrix.cons_val_zero

Hint: Omit it from the simp argument list.
  simp only [wf, Matrix.cons_val_one, M̵a̵t̵r̵i̵x̵.̵c̵o̵n̵s̵_̵v̵a̵l̵_̵z̵e̵r̵o̵,̵ ̵A1, Fin.sum_univ_one, one_mul, add_zero]

Note: This linter can be disabled with `set_option linter.unusedSimpArgs false`
/Users/panda/Desktop/Lean/quick-test/harness/BridgeAll.lean:13322:64: warning: This simp argument is unused:
  A1

Hint: Omit it from the simp argument list.
  simp only [wf, Matrix.cons_val_one, Matrix.cons_val_zero, A̵1̵,̵ ̵Fin.sum_univ_one,
  ̵  ̵ ̵ ̵ ̵ ̵ ̵ ̵one_mul, add_zero]

Note: This linter can be disabled with `set_option linter.unusedSimpArgs false`
/Users/panda/Desktop/Lean/quick-test/harness/BridgeAll.lean:13323:8: warning: This simp argument is unused:
  one_mul

Hint: Omit it from the simp argument list.
  simp only [wf, Matrix.cons_val_one, Matrix.cons_val_zero, A1, Fin.sum_univ_one,
  ̵  ̵ ̵ ̵ ̵ ̵ ̵ ̵o̵n̵e̵_̵m̵u̵l̵,̵ ̵add_zero]

Note: This linter can be disabled with `set_option linter.unusedSimpArgs false`
/Users/panda/Desktop/Lean/quick-test/harness/BridgeAll.lean:13323:17: warning: This simp argument is unused:
  add_zero

Hint: Omit it from the simp argument list.
  simp only [wf, Matrix.cons_val_one, Matrix.cons_val_zero, A1, Fin.sum_univ_one, o̵n̵e̵_̵m̵u̵l̵,̵ ̵a̵d̵d̵_̵z̵e̵r̵o̵]̵o̲n̲e̲_̲m̲u̲l̲]̲

Note: This linter can be disabled with `set_option linter.unusedSimpArgs false`
/Users/panda/Desktop/Lean/quick-test/harness/BridgeAll.lean:13369:8: warning: declaration uses 'sorry'
/Users/panda/Desktop/Lean/quick-test/harness/BridgeAll.lean:13380:8: warning: declaration uses 'sorry'
@@BRIDGE Bridge_026_027 cpwl=SORRY_NE relun=SORRY depth=PROVED statement=SORRY
/Users/panda/Desktop/Lean/quick-test/harness/BridgeAll.lean:13471:8: warning: declaration uses 'sorry'
/Users/panda/Desktop/Lean/quick-test/harness/BridgeAll.lean:13480:8: warning: declaration uses 'sorry'
@@BRIDGE Bridge_027_028 cpwl=PROVED relun=SORRY depth=PROVED statement=SORRY
Try this:
  [apply] ring_nf
  
  The `ring` tactic failed to close the goal. Use `ring_nf` to obtain a normal form.
    
  Note that `ring` works primarily in *commutative* rings. If you have a noncommutative ring, abelian group or module, consider using `noncomm_ring`, `abel` or `module` instead.
/Users/panda/Desktop/Lean/quick-test/harness/BridgeAll.lean:13551:2: error: unsolved goals
case h₀
m : ℕ
z : Fin m
w : Fin m → ℝ
t : ℝ
b : Fin m
a✝ : b ∈ Finset.univ
hb : b ≠ z
⊢ w b * 0 b = 0
/Users/panda/Desktop/Lean/quick-test/harness/BridgeAll.lean:13624:11: error(lean.unknownIdentifier): Unknown identifier `le_or_lt`
/Users/panda/Desktop/Lean/quick-test/harness/BridgeAll.lean:13624:41: error: Tactic `rcases` failed: `x✝ : ?m.84` is not an inductive datatype
/Users/panda/Desktop/Lean/quick-test/harness/BridgeAll.lean:13745:8: warning: declaration uses 'sorry'
/Users/panda/Desktop/Lean/quick-test/harness/BridgeAll.lean:13755:8: warning: declaration uses 'sorry'
@@BRIDGE Bridge_028_029 cpwl=SORRY_NE relun=SORRY depth=PROVED statement=SORRY
/Users/panda/Desktop/Lean/quick-test/harness/BridgeAll.lean:13849:23: warning: unused variable `hn`

Note: This linter can be disabled with `set_option linter.unusedVariables false`
/Users/panda/Desktop/Lean/quick-test/harness/BridgeAll.lean:13866:8: warning: declaration uses 'sorry'
/Users/panda/Desktop/Lean/quick-test/harness/BridgeAll.lean:13872:8: warning: declaration uses 'sorry'
@@BRIDGE Bridge_029_030 cpwl=PROVED relun=SORRY depth=PROVED statement=SORRY
/Users/panda/Desktop/Lean/quick-test/harness/BridgeAll.lean:13928:69: error(lean.unknownIdentifier): Unknown constant `Matrix.dotProduct`
/Users/panda/Desktop/Lean/quick-test/harness/BridgeAll.lean:13926:68: error: unsolved goals
case h
a b : ℕ
A : Matrix (Fin b) (Fin a) ℝ
c : Fin b → ℝ
x : Fin a → ℝ
i : Fin b
⊢ (fun j => A i j) ⬝ᵥ x = ∑ x_1, A i x_1 * x x_1
/Users/panda/Desktop/Lean/quick-test/harness/BridgeAll.lean:13966:12: error: No goals to be solved
/Users/panda/Desktop/Lean/quick-test/harness/BridgeAll.lean:13978:17: warning: This simp argument is unused:
  Matrix.cons_val_zero

Hint: Omit it from the simp argument list.
  simp only ̵[̵M̵a̵t̵r̵i̵x̵.̵c̵o̵n̵s̵_̵v̵a̵l̵_̵z̵e̵r̵o̵]̵

Note: This linter can be disabled with `set_option linter.unusedSimpArgs false`
/Users/panda/Desktop/Lean/quick-test/harness/BridgeAll.lean:13981:14: warning: This simp argument is unused:
  Fin.sum_univ_one

Hint: Omit it from the simp argument list.
  simp ̵[̵F̵i̵n̵.̵s̵u̵m̵_̵u̵n̵i̵v̵_̵o̵n̵e̵]̵

Note: This linter can be disabled with `set_option linter.unusedSimpArgs false`
/Users/panda/Desktop/Lean/quick-test/harness/BridgeAll.lean:13983:17: warning: This simp argument is unused:
  Matrix.cons_val_one

Hint: Omit it from the simp argument list.
  simp only [Matrix.cons_val_o̵n̵e̵,̵ ̵M̵a̵t̵r̵i̵x̵.̵c̵o̵n̵s̵_̵v̵a̵l̵_̵zero]

Note: This linter can be disabled with `set_option linter.unusedSimpArgs false`
/Users/panda/Desktop/Lean/quick-test/harness/BridgeAll.lean:13983:38: warning: This simp argument is unused:
  Matrix.cons_val_zero

Hint: Omit it from the simp argument list.
  simp only [Matrix.cons_val_one,̵ ̵M̵a̵t̵r̵i̵x̵.̵c̵o̵n̵s̵_̵v̵a̵l̵_̵z̵e̵r̵o̵]

Note: This linter can be disabled with `set_option linter.unusedSimpArgs false`
/Users/panda/Desktop/Lean/quick-test/harness/BridgeAll.lean:13991:17: warning: This simp argument is unused:
  Matrix.cons_val_zero

Hint: Omit it from the simp argument list.
  simp only ̵[̵M̵a̵t̵r̵i̵x̵.̵c̵o̵n̵s̵_̵v̵a̵l̵_̵z̵e̵r̵o̵]̵

Note: This linter can be disabled with `set_option linter.unusedSimpArgs false`
/Users/panda/Desktop/Lean/quick-test/harness/BridgeAll.lean:13993:17: warning: This simp argument is unused:
  Matrix.cons_val_one

Hint: Omit it from the simp argument list.
  simp only [Matrix.cons_val_o̵n̵e̵,̵ ̵M̵a̵t̵r̵i̵x̵.̵c̵o̵n̵s̵_̵v̵a̵l̵_̵zero]

Note: This linter can be disabled with `set_option linter.unusedSimpArgs false`
/Users/panda/Desktop/Lean/quick-test/harness/BridgeAll.lean:13993:38: warning: This simp argument is unused:
  Matrix.cons_val_zero

Hint: Omit it from the simp argument list.
  simp only [Matrix.cons_val_one,̵ ̵M̵a̵t̵r̵i̵x̵.̵c̵o̵n̵s̵_̵v̵a̵l̵_̵z̵e̵r̵o̵]

Note: This linter can be disabled with `set_option linter.unusedSimpArgs false`
/Users/panda/Desktop/Lean/quick-test/harness/BridgeAll.lean:13994:46: warning: This simp argument is unused:
  Fin.sum_univ_one

Hint: Omit it from the simp argument list.
  simp ̵[̵F̵i̵n̵.̵s̵u̵m̵_̵u̵n̵i̵v̵_̵o̵n̵e̵]̵

Note: This linter can be disabled with `set_option linter.unusedSimpArgs false`
/Users/panda/Desktop/Lean/quick-test/harness/BridgeAll.lean:14003:17: warning: This simp argument is unused:
  Matrix.cons_val_zero

Hint: Omit it from the simp argument list.
  simp only [M̵a̵t̵r̵i̵x̵.̵c̵o̵n̵s̵_̵v̵a̵l̵_̵z̵e̵r̵o̵,̵ ̵Set.mem_setOf_eq] at hx

Note: This linter can be disabled with `set_option linter.unusedSimpArgs false`
/Users/panda/Desktop/Lean/quick-test/harness/BridgeAll.lean:14003:39: warning: This simp argument is unused:
  Set.mem_setOf_eq

Hint: Omit it from the simp argument list.
  simp only [Matrix.cons_val_zero,̵ ̵S̵e̵t̵.̵m̵e̵m̵_̵s̵e̵t̵O̵f̵_̵e̵q̵] at hx

Note: This linter can be disabled with `set_option linter.unusedSimpArgs false`
/Users/panda/Desktop/Lean/quick-test/harness/BridgeAll.lean:14004:17: warning: This simp argument is unused:
  Matrix.cons_val_zero

Hint: Omit it from the simp argument list.
  simp only ̵[̵M̵a̵t̵r̵i̵x̵.̵c̵o̵n̵s̵_̵v̵a̵l̵_̵z̵e̵r̵o̵]̵

Note: This linter can be disabled with `set_option linter.unusedSimpArgs false`
/Users/panda/Desktop/Lean/quick-test/harness/BridgeAll.lean:14007:17: warning: This simp argument is unused:
  Matrix.cons_val_one

Hint: Omit it from the simp argument list.
  simp only [Matrix.cons_val_o̵n̵e̵,̵ ̵M̵a̵t̵r̵i̵x̵.̵c̵o̵n̵s̵_̵v̵a̵l̵_̵zero, Set.mem_setOf_eq] at hx

Note: This linter can be disabled with `set_option linter.unusedSimpArgs false`
/Users/panda/Desktop/Lean/quick-test/harness/BridgeAll.lean:14007:38: warning: This simp argument is unused:
  Matrix.cons_val_zero

Hint: Omit it from the simp argument list.
  simp only [Matrix.cons_val_one, M̵a̵t̵r̵i̵x̵.̵c̵o̵n̵s̵_̵v̵a̵l̵_̵z̵e̵r̵o̵,̵ ̵Set.mem_setOf_eq] at hx

Note: This linter can be disabled with `set_option linter.unusedSimpArgs false`
/Users/panda/Desktop/Lean/quick-test/harness/BridgeAll.lean:14007:60: warning: This simp argument is unused:
  Set.mem_setOf_eq

Hint: Omit it from the simp argument list.
  simp only [Matrix.cons_val_one, Matrix.cons_val_zero,̵ ̵S̵e̵t̵.̵m̵e̵m̵_̵s̵e̵t̵O̵f̵_̵e̵q̵] at hx

Note: This linter can be disabled with `set_option linter.unusedSimpArgs false`
/Users/panda/Desktop/Lean/quick-test/harness/BridgeAll.lean:14008:17: warning: This simp argument is unused:
  Matrix.cons_val_one

Hint: Omit it from the simp argument list.
  simp only [Matrix.cons_val_o̵n̵e̵,̵ ̵M̵a̵t̵r̵i̵x̵.̵c̵o̵n̵s̵_̵v̵a̵l̵_̵zero]

Note: This linter can be disabled with `set_option linter.unusedSimpArgs false`
/Users/panda/Desktop/Lean/quick-test/harness/BridgeAll.lean:14008:38: warning: This simp argument is unused:
  Matrix.cons_val_zero

Hint: Omit it from the simp argument list.
  simp only [Matrix.cons_val_one,̵ ̵M̵a̵t̵r̵i̵x̵.̵c̵o̵n̵s̵_̵v̵a̵l̵_̵z̵e̵r̵o̵]

Note: This linter can be disabled with `set_option linter.unusedSimpArgs false`
/Users/panda/Desktop/Lean/quick-test/harness/BridgeAll.lean:14036:36: warning: This simp argument is unused:
  Fin.sum_univ_one

Hint: Omit it from the simp argument list.
  simp [Agent031.AffineMap'.eval,̵ ̵F̵i̵n̵.̵s̵u̵m̵_̵u̵n̵i̵v̵_̵o̵n̵e̵]

Note: This linter can be disabled with `set_option linter.unusedSimpArgs false`
/Users/panda/Desktop/Lean/quick-test/harness/BridgeAll.lean:14039:36: warning: This simp argument is unused:
  Fin.sum_univ_one

Hint: Omit it from the simp argument list.
  simp [Agent031.AffineMap'.eval,̵ ̵F̵i̵n̵.̵s̵u̵m̵_̵u̵n̵i̵v̵_̵o̵n̵e̵]

Note: This linter can be disabled with `set_option linter.unusedSimpArgs false`
/Users/panda/Desktop/Lean/quick-test/harness/BridgeAll.lean:14042:36: warning: This simp argument is unused:
  Fin.sum_univ_one

Hint: Omit it from the simp argument list.
  simp [Agent031.AffineMap'.eval,̵ ̵F̵i̵n̵.̵s̵u̵m̵_̵u̵n̵i̵v̵_̵o̵n̵e̵]

Note: This linter can be disabled with `set_option linter.unusedSimpArgs false`
/Users/panda/Desktop/Lean/quick-test/harness/BridgeAll.lean:14057:23: warning: unused variable `hn`

Note: This linter can be disabled with `set_option linter.unusedVariables false`
/Users/panda/Desktop/Lean/quick-test/harness/BridgeAll.lean:14080:8: warning: declaration uses 'sorry'
@@BRIDGE Bridge_030_031 cpwl=REFUTED relun=SORRY depth=PROVED statement=SORRY
/Users/panda/Desktop/Lean/quick-test/harness/BridgeAll.lean:14174:23: warning: unused variable `hn`

Note: This linter can be disabled with `set_option linter.unusedVariables false`
/Users/panda/Desktop/Lean/quick-test/harness/BridgeAll.lean:14285:8: warning: declaration uses 'sorry'
@@BRIDGE Bridge_031_032 cpwl=REFUTED relun=PROVED depth=PROVED statement=SORRY
/Users/panda/Desktop/Lean/quick-test/harness/BridgeAll.lean:14326:23: warning: unused variable `hn`

Note: This linter can be disabled with `set_option linter.unusedVariables false`
/Users/panda/Desktop/Lean/quick-test/harness/BridgeAll.lean:14352:12: warning: this tactic is never executed

Note: This linter can be disabled with `set_option linter.unreachableTactic false`
/Users/panda/Desktop/Lean/quick-test/harness/BridgeAll.lean:14359:12: warning: this tactic is never executed

Note: This linter can be disabled with `set_option linter.unreachableTactic false`
/Users/panda/Desktop/Lean/quick-test/harness/BridgeAll.lean:14369:12: warning: this tactic is never executed

Note: This linter can be disabled with `set_option linter.unreachableTactic false`
/Users/panda/Desktop/Lean/quick-test/harness/BridgeAll.lean:14377:12: warning: this tactic is never executed

Note: This linter can be disabled with `set_option linter.unreachableTactic false`
/Users/panda/Desktop/Lean/quick-test/harness/BridgeAll.lean:14352:12: warning: 'simp [Agent032.AffineMap'.eval, Agent033.AffineMapRn.eval, toB, Matrix.mulVec, dotProduct]' tactic does nothing

Note: This linter can be disabled with `set_option linter.unusedTactic false`
/Users/panda/Desktop/Lean/quick-test/harness/BridgeAll.lean:14359:12: warning: 'simp [Agent032.AffineMap'.eval, Agent033.AffineMapRn.eval, toA, Matrix.mulVec, dotProduct]' tactic does nothing

Note: This linter can be disabled with `set_option linter.unusedTactic false`
/Users/panda/Desktop/Lean/quick-test/harness/BridgeAll.lean:14369:12: warning: 'simp [Agent032.reluVec, Agent033.reluVec, Agent032.relu, Agent033.relu, Agent032.AffineMap'.eval,
  Agent033.AffineMapRn.eval, toB, Matrix.mulVec, dotProduct]' tactic does nothing

Note: This linter can be disabled with `set_option linter.unusedTactic false`
/Users/panda/Desktop/Lean/quick-test/harness/BridgeAll.lean:14377:12: warning: 'simp [Agent032.reluVec, Agent033.reluVec, Agent032.relu, Agent033.relu, Agent032.AffineMap'.eval,
  Agent033.AffineMapRn.eval, toA, Matrix.mulVec, dotProduct]' tactic does nothing

Note: This linter can be disabled with `set_option linter.unusedTactic false`
/Users/panda/Desktop/Lean/quick-test/harness/BridgeAll.lean:14492:14: error: Tactic `unfold` failed to unfold `φ032` in
  max 0 (x0 0) = ∑ j, a i j * x0 j + b i
/Users/panda/Desktop/Lean/quick-test/harness/BridgeAll.lean:14510:8: warning: declaration uses 'sorry'
@@BRIDGE Bridge_032_033 cpwl=SORRY_NE relun=PROVED depth=PROVED statement=SORRY
/Users/panda/Desktop/Lean/quick-test/harness/BridgeAll.lean:14558:33: error: Application type mismatch: The argument
  hx
has type
  x ∈ if True then {x | x 0 ≤ 0} else {x | 0 ≤ x 0}
but is expected to have type
  ?m.291 ≤ ?m.290
in the application
  max_eq_left hx
/Users/panda/Desktop/Lean/quick-test/harness/BridgeAll.lean:14556:4: error: unsolved goals
case pos
x : Fin 1 → ℝ
hx : x ∈ if True then {x | x 0 ≤ 0} else {x | 0 ≤ x 0}
⊢ x 0 ≤ 0
/Users/panda/Desktop/Lean/quick-test/harness/BridgeAll.lean:14560:34: error: Application type mismatch: The argument
  hx
has type
  x ∈ {x | 0 ≤ x 0}
but is expected to have type
  ?m.296 ≤ ?m.297
in the application
  max_eq_right hx
/Users/panda/Desktop/Lean/quick-test/harness/BridgeAll.lean:14559:4: error: unsolved goals
case neg
i : Fin 2
x : Fin 1 → ℝ
hi : ¬i = 0
hx : x ∈ {x | 0 ≤ x 0}
⊢ 0 ≤ x 0
/Users/panda/Desktop/Lean/quick-test/harness/BridgeAll.lean:14534:30: warning: This simp argument is unused:
  if_pos rfl

Hint: Omit it from the simp argument list.
  simp only [i̵f̵_̵p̵o̵s̵ ̵r̵f̵l̵,̵ ̵Set.mem_setOf_eq]

Note: This linter can be disabled with `set_option linter.unusedSimpArgs false`
/Users/panda/Desktop/Lean/quick-test/harness/BridgeAll.lean:14534:42: warning: This simp argument is unused:
  Set.mem_setOf_eq

Hint: Omit it from the simp argument list.
  simp only [if_pos rfl,̵ ̵S̵e̵t̵.̵m̵e̵m̵_̵s̵e̵t̵O̵f̵_̵e̵q̵]

Note: This linter can be disabled with `set_option linter.unusedSimpArgs false`
/Users/panda/Desktop/Lean/quick-test/harness/BridgeAll.lean:14542:12: warning: This simp argument is unused:
  if_pos rfl

Hint: Omit it from the simp argument list.
  simp [i̵f̵_̵p̵o̵s̵ ̵r̵f̵l̵,̵ ̵Fin.forall_fin_one, Fin.sum_univ_one]

Note: This linter can be disabled with `set_option linter.unusedSimpArgs false`
/Users/panda/Desktop/Lean/quick-test/harness/BridgeAll.lean:14542:24: warning: This simp argument is unused:
  Fin.forall_fin_one

Hint: Omit it from the simp argument list.
  simp [if_pos rfl, Fin.f̵o̵r̵a̵l̵l̵_̵f̵i̵n̵_̵o̵n̵e̵,̵ ̵F̵i̵n̵.̵sum_univ_one]

Note: This linter can be disabled with `set_option linter.unusedSimpArgs false`
/Users/panda/Desktop/Lean/quick-test/harness/BridgeAll.lean:14542:44: warning: This simp argument is unused:
  Fin.sum_univ_one

Hint: Omit it from the simp argument list.
  simp [if_pos rfl, Fin.forall_fin_one,̵ ̵F̵i̵n̵.̵s̵u̵m̵_̵u̵n̵i̵v̵_̵o̵n̵e̵]

Note: This linter can be disabled with `set_option linter.unusedSimpArgs false`
/Users/panda/Desktop/Lean/quick-test/harness/BridgeAll.lean:14551:21: warning: This simp argument is unused:
  if_pos rfl

Hint: Omit it from the simp argument list.
  simp [i̵f̵_̵p̵o̵s̵ ̵r̵f̵l̵,̵ ̵Fin.sum_univ_one]

Note: This linter can be disabled with `set_option linter.unusedSimpArgs false`
/Users/panda/Desktop/Lean/quick-test/harness/BridgeAll.lean:14551:33: warning: This simp argument is unused:
  Fin.sum_univ_one

Hint: Omit it from the simp argument list.
  simp [if_pos rfl,̵ ̵F̵i̵n̵.̵s̵u̵m̵_̵u̵n̵i̵v̵_̵o̵n̵e̵]

Note: This linter can be disabled with `set_option linter.unusedSimpArgs false`
/Users/panda/Desktop/Lean/quick-test/harness/BridgeAll.lean:14553:32: warning: This simp argument is unused:
  Fin.sum_univ_one

Hint: Omit it from the simp argument list.
  simp [if_neg hi,̵ ̵F̵i̵n̵.̵s̵u̵m̵_̵u̵n̵i̵v̵_̵o̵n̵e̵]

Note: This linter can be disabled with `set_option linter.unusedSimpArgs false`
/Users/panda/Desktop/Lean/quick-test/harness/BridgeAll.lean:14557:17: warning: This simp argument is unused:
  if_pos rfl

Hint: Omit it from the simp argument list.
  simp only [̵i̵f̵_̵p̵o̵s̵ ̵r̵f̵l̵]̵ ̵at hx ⊢

Note: This linter can be disabled with `set_option linter.unusedSimpArgs false`
/Users/panda/Desktop/Lean/quick-test/harness/BridgeAll.lean:14572:39: error: Tactic `rewrite` failed: Did not find an occurrence of the pattern
  |ε / 2|
in the target expression
  |ε / 2 - 0| < ε

m : ℕ
a : Fin m → Fin 1 → ℝ
b : Fin m → ℝ
hloc : ∀ (x : Fin 1 → ℝ), ∃ i U, IsOpen U ∧ x ∈ U ∧ ∀ y ∈ U, kinkFun y = ∑ j, a i j * y j + b i
i : Fin m
U : Set (Fin 1 → ℝ)
hU : IsOpen U
h0U : (fun x => 0) ∈ U
hUeq : ∀ y ∈ U, kinkFun y = ∑ j, a i j * y j + b i
hcont : Continuous fun t x => t
hUopen : IsOpen ((fun t x => t) ⁻¹' U)
ε : ℝ
hε : ε > 0
hball : Metric.ball 0 ε ⊆ (fun t x => t) ⁻¹' U
e2 : 0 < ε / 2
hy0 : (fun x => 0) ∈ U
⊢ |ε / 2 - 0| < ε
/Users/panda/Desktop/Lean/quick-test/harness/BridgeAll.lean:14574:39: error: Tactic `rewrite` failed: Did not find an occurrence of the pattern
  |-ε / 2|
in the target expression
  |-ε / 2 - 0| < ε

m : ℕ
a : Fin m → Fin 1 → ℝ
b : Fin m → ℝ
hloc : ∀ (x : Fin 1 → ℝ), ∃ i U, IsOpen U ∧ x ∈ U ∧ ∀ y ∈ U, kinkFun y = ∑ j, a i j * y j + b i
i : Fin m
U : Set (Fin 1 → ℝ)
hU : IsOpen U
h0U : (fun x => 0) ∈ U
hUeq : ∀ y ∈ U, kinkFun y = ∑ j, a i j * y j + b i
hcont : Continuous fun t x => t
hUopen : IsOpen ((fun t x => t) ⁻¹' U)
ε : ℝ
hε : ε > 0
hball : Metric.ball 0 ε ⊆ (fun t x => t) ⁻¹' U
e2 : 0 < ε / 2
hy0 : (fun x => 0) ∈ U
hy1 : (fun x => ε / 2) ∈ U
⊢ |-ε / 2 - 0| < ε
/Users/panda/Desktop/Lean/quick-test/harness/BridgeAll.lean:14607:23: warning: unused variable `hn`

Note: This linter can be disabled with `set_option linter.unusedVariables false`
/Users/panda/Desktop/Lean/quick-test/harness/BridgeAll.lean:14616:8: warning: declaration uses 'sorry'
/Users/panda/Desktop/Lean/quick-test/harness/BridgeAll.lean:14624:8: warning: declaration uses 'sorry'
@@BRIDGE Bridge_033_034 cpwl=SORRY_NE relun=SORRY depth=PROVED statement=SORRY
/Users/panda/Desktop/Lean/quick-test/harness/BridgeAll.lean:14636:23: warning: unused variable `hn`

Note: This linter can be disabled with `set_option linter.unusedVariables false`
/Users/panda/Desktop/Lean/quick-test/harness/BridgeAll.lean:14659:35: error: linarith failed to find a contradiction
case refine_2.«0».h.mp.h
x : Fin 1 → ℝ
hx : x ∈ ![{x | x 0 ≤ 0}, {x | 0 ≤ x 0}] ⟨0, ⋯⟩
a✝ : 0 < ∑ x_1, 1 * x x_1 + 0
⊢ False
failed
/Users/panda/Desktop/Lean/quick-test/harness/BridgeAll.lean:14659:35: error: linarith failed to find a contradiction
case refine_2.«0».h.mpr
x : Fin 1 → ℝ
hx : ∑ x_1, 1 * x x_1 + 0 ≤ 0
⊢ False
failed
/Users/panda/Desktop/Lean/quick-test/harness/BridgeAll.lean:14664:35: error: linarith failed to find a contradiction
case refine_2.«1».h.mp.h
x : Fin 1 → ℝ
hx : x ∈ ![{x | x 0 ≤ 0}, {x | 0 ≤ x 0}] ⟨1, ⋯⟩
a✝ : 0 < ∑ x_1, -1 * x x_1 + 0
⊢ False
failed
/Users/panda/Desktop/Lean/quick-test/harness/BridgeAll.lean:14664:35: error: linarith failed to find a contradiction
case refine_2.«1».h.mpr
x : Fin 1 → ℝ
hx : ∑ x_1, -1 * x x_1 + 0 ≤ 0
⊢ False
failed
/Users/panda/Desktop/Lean/quick-test/harness/BridgeAll.lean:14663:8: warning: This simp argument is unused:
  Matrix.cons_val_one

Hint: Omit it from the simp argument list.
  simp only [Set.mem_setOf_eq, Fin.forall_fin_one, Matrix.cons_val_zero, M̵a̵t̵r̵i̵x̵.̵c̵o̵n̵s̵_̵v̵a̵l̵_̵o̵n̵e̵,̵ ̵Matrix.head_cons]

Note: This linter can be disabled with `set_option linter.unusedSimpArgs false`
/Users/panda/Desktop/Lean/quick-test/harness/BridgeAll.lean:14663:29: warning: This simp argument is unused:
  Matrix.head_cons

Hint: Omit it from the simp argument list.
  simp only [Set.mem_setOf_eq, Fin.forall_fin_one, Matrix.cons_val_zero, M̵a̵t̵r̵i̵x̵.̵c̵o̵n̵s̵_̵v̵a̵l̵_̵o̵n̵e̵,̵ ̵M̵a̵t̵r̵i̵x̵.̵h̵e̵a̵d̵_̵c̵o̵n̵s̵]̵M̲a̲t̲r̲i̲x̲.̲c̲o̲n̲s̲_̲v̲a̲l̲_̲o̲n̲e̲]̲

Note: This linter can be disabled with `set_option linter.unusedSimpArgs false`
/Users/panda/Desktop/Lean/quick-test/harness/BridgeAll.lean:14667:52: warning: This simp argument is unused:
  Fin.sum_univ_one

Hint: Omit it from the simp argument list.
  simp ̵[̵F̵i̵n̵.̵s̵u̵m̵_̵u̵n̵i̵v̵_̵o̵n̵e̵]̵

Note: This linter can be disabled with `set_option linter.unusedSimpArgs false`
/Users/panda/Desktop/Lean/quick-test/harness/BridgeAll.lean:14668:52: warning: This simp argument is unused:
  Fin.sum_univ_one

Hint: Omit it from the simp argument list.
  simp ̵[̵F̵i̵n̵.̵s̵u̵m̵_̵u̵n̵i̵v̵_̵o̵n̵e̵]̵

Note: This linter can be disabled with `set_option linter.unusedSimpArgs false`
/Users/panda/Desktop/Lean/quick-test/harness/BridgeAll.lean:14687:64: warning: This simp argument is unused:
  Fin.sum_univ_one

Hint: Omit it from the simp argument list.
  simp [Agent035.AffineMap'.apply, Matrix.mulVec, dotProduct, F̵i̵n̵.̵s̵u̵m̵_̵u̵n̵i̵v̵_̵o̵n̵e̵,̵
  ̵ ̵ ̵ ̵ ̵ ̵ ̵Pi.add_apply]

Note: This linter can be disabled with `set_option linter.unusedSimpArgs false`
/Users/panda/Desktop/Lean/quick-test/harness/BridgeAll.lean:14717:8: warning: declaration uses 'sorry'
/Users/panda/Desktop/Lean/quick-test/harness/BridgeAll.lean:14724:8: warning: declaration uses 'sorry'
@@BRIDGE Bridge_034_035 cpwl=SORRY_NE relun=SORRY depth=PROVED statement=SORRY
/Users/panda/Desktop/Lean/quick-test/harness/BridgeAll.lean:14791:82: error: unsolved goals
k a b✝ : ℕ
T : Agent035.AffineMap' a b✝
rest : Agent035.NetLayers k b✝ 1
x : Fin a → ℝ
⊢ (fun x => (Agent035.NetLayers.cons T rest).eval x 0) x = (fun y => rest.eval y 0) (Agent036.reluVec (T.apply x))
/Users/panda/Desktop/Lean/quick-test/harness/BridgeAll.lean:14802:45: error: unsolved goals
k a : ℕ
f : (Fin a → ℝ) → ℝ
m : ℕ
T : Agent036.Affine a m
g : (Fin m → ℝ) → ℝ
hg : Agent036.NetOutput m k g
hx : ∀ (x : Fin a → ℝ), f x = g (Agent036.reluVec (T.eval x))
net' : Agent035.NetLayers k m 1
hnet' : ∀ (x : Fin m → ℝ), g x = net'.eval x 0
x : Fin a → ℝ
⊢ net'.eval (Agent036.reluVec ((toAffineMap' T).apply x)) 0 = (Agent035.NetLayers.cons (toAffineMap' T) net').eval x 0
/Users/panda/Desktop/Lean/quick-test/harness/BridgeAll.lean:14824:2: error: unsolved goals
case h.mpr
n : ℕ
f : (Fin n → ℝ) → ℝ
hf : Continuous f
m : ℕ
g : Fin m → (Fin n → ℝ) → ℝ
hloc : ∀ (x : Fin n → ℝ), ∃ i, ∃ U ∈ nhds x, ∀ y ∈ U, f y = g i y
T : Fin m → Agent036.Affine n 1
hT : ∀ (i : Fin m) (x : Fin n → ℝ), g i x = (T i).eval x 0
x : Fin n → ℝ
i : Fin m
U : Set (Fin n → ℝ)
hU : U ∈ nhds x
hUsub : ∀ y ∈ U, f y = g i y
y : Fin n → ℝ
hy : y ∈ U
⊢ (T i).eval y 0 = ((fun i => toAffineMap' (T i)) i).apply y 0
/Users/panda/Desktop/Lean/quick-test/harness/BridgeAll.lean:14842:23: warning: unused variable `hn`

Note: This linter can be disabled with `set_option linter.unusedVariables false`
@@BRIDGE Bridge_035_036 cpwl=SORRY relun=SORRY depth=PROVED statement=SORRY
/Users/panda/Desktop/Lean/quick-test/harness/BridgeAll.lean:14894:23: warning: unused variable `hn`

Note: This linter can be disabled with `set_option linter.unusedVariables false`
/Users/panda/Desktop/Lean/quick-test/harness/BridgeAll.lean:15080:8: warning: declaration uses 'sorry'
@@BRIDGE Bridge_036_037 cpwl=REFUTED relun=PROVED depth=PROVED statement=SORRY
/Users/panda/Desktop/Lean/quick-test/harness/BridgeAll.lean:15126:23: warning: unused variable `hn`

Note: This linter can be disabled with `set_option linter.unusedVariables false`
/Users/panda/Desktop/Lean/quick-test/harness/BridgeAll.lean:15164:10: error: linarith failed to find a contradiction
case refine_1.«1».h.mp.«0».h
heq : Agent037.CPWL 1 = Agent038.CPWL 1
f : (Fin 1 → ℝ) → ℝ := fun x => max 0 (x 0)
hfdef : f = fun x => max 0 (x 0)
x : Agent037.ℝn 1
h : x ∈ ![{x | x 0 ≤ 0}, {x | 0 ≤ x 0}] ⟨1, ⋯⟩
a✝ : 0 < -1 * x 0
⊢ False
failed
/Users/panda/Desktop/Lean/quick-test/harness/BridgeAll.lean:15168:10: error: linarith failed to find a contradiction
case refine_1.«1».h.mpr
heq : Agent037.CPWL 1 = Agent038.CPWL 1
f : (Fin 1 → ℝ) → ℝ := fun x => max 0 (x 0)
hfdef : f = fun x => max 0 (x 0)
x : Agent037.ℝn 1
h : ∀ (i : Fin 1), ∑ x_1, -1 * x x_1 ≤ 0
h0 : -1 * x 0 ≤ 0
⊢ False
failed
/Users/panda/Desktop/Lean/quick-test/harness/BridgeAll.lean:15174:13: error(lean.unknownIdentifier): Unknown identifier `le_or_lt`
/Users/panda/Desktop/Lean/quick-test/harness/BridgeAll.lean:15174:35: error: Tactic `rcases` failed: `x✝ : ?m.1013` is not an inductive datatype
/Users/panda/Desktop/Lean/quick-test/harness/BridgeAll.lean:15148:37: warning: This simp argument is unused:
  Matrix.cons_val_zero

Hint: Omit it from the simp argument list.
  simp only [Set.mem_setOf_eq,̵ ̵M̵a̵t̵r̵i̵x̵.̵c̵o̵n̵s̵_̵v̵a̵l̵_̵z̵e̵r̵o̵]

Note: This linter can be disabled with `set_option linter.unusedSimpArgs false`
/Users/panda/Desktop/Lean/quick-test/harness/BridgeAll.lean:15158:37: warning: This simp argument is unused:
  Matrix.cons_val_one

Hint: Omit it from the simp argument list.
  simp only [Set.mem_setOf_eq, M̵a̵t̵r̵i̵x̵.̵c̵o̵n̵s̵_̵v̵a̵l̵_̵o̵n̵e̵,̵ ̵Matrix.cons_val_zero, Matrix.head_cons]

Note: This linter can be disabled with `set_option linter.unusedSimpArgs false`
/Users/panda/Desktop/Lean/quick-test/harness/BridgeAll.lean:15158:58: warning: This simp argument is unused:
  Matrix.cons_val_zero

Hint: Omit it from the simp argument list.
  simp only [Set.mem_setOf_eq, Matrix.cons_val_one, Matrix.c̵o̵n̵s̵_̵v̵a̵l̵_̵z̵e̵r̵o̵,̵
  ̵ ̵ ̵ ̵ ̵ ̵ ̵ ̵ ̵ ̵ ̵M̵a̵t̵r̵i̵x̵.̵head_cons]

Note: This linter can be disabled with `set_option linter.unusedSimpArgs false`
/Users/panda/Desktop/Lean/quick-test/harness/BridgeAll.lean:15159:10: warning: This simp argument is unused:
  Matrix.head_cons

Hint: Omit it from the simp argument list.
  simp only [Set.mem_setOf_eq, Matrix.cons_val_one, Matrix.cons_val_zero,̵
  ̵ ̵ ̵ ̵ ̵ ̵ ̵ ̵ ̵ ̵ ̵M̵a̵t̵r̵i̵x̵.̵h̵e̵a̵d̵_̵c̵o̵n̵s̵]

Note: This linter can be disabled with `set_option linter.unusedSimpArgs false`
/Users/panda/Desktop/Lean/quick-test/harness/BridgeAll.lean:15172:48: warning: This simp argument is unused:
  Fin.sum_univ_one

Hint: Omit it from the simp argument list.
  simp ̵[̵F̵i̵n̵.̵s̵u̵m̵_̵u̵n̵i̵v̵_̵o̵n̵e̵]̵

Note: This linter can be disabled with `set_option linter.unusedSimpArgs false`
/Users/panda/Desktop/Lean/quick-test/harness/BridgeAll.lean:15180:19: warning: This simp argument is unused:
  Matrix.cons_val_zero

Hint: Omit it from the simp argument list.
  simp only [M̵a̵t̵r̵i̵x̵.̵c̵o̵n̵s̵_̵v̵a̵l̵_̵z̵e̵r̵o̵,̵ ̵Set.mem_setOf_eq] at hx

Note: This linter can be disabled with `set_option linter.unusedSimpArgs false`
/Users/panda/Desktop/Lean/quick-test/harness/BridgeAll.lean:15180:41: warning: This simp argument is unused:
  Set.mem_setOf_eq

Hint: Omit it from the simp argument list.
  simp only [Matrix.cons_val_zero,̵ ̵S̵e̵t̵.̵m̵e̵m̵_̵s̵e̵t̵O̵f̵_̵e̵q̵] at hx

Note: This linter can be disabled with `set_option linter.unusedSimpArgs false`
/Users/panda/Desktop/Lean/quick-test/harness/BridgeAll.lean:15184:19: warning: This simp argument is unused:
  Matrix.cons_val_one

Hint: Omit it from the simp argument list.
  simp only [̵M̵a̵t̵r̵i̵x̵.̵c̵o̵n̵s̵_̵v̵a̵l̵_̵o̵n̵e̵,̵ ̵M̵a̵t̵r̵i̵x̵.̵c̵o̵n̵s̵_̵v̵a̵l̵_̵z̵e̵r̵o̵,̵[̲M̲a̲t̲r̲i̲x̲.̲c̲o̲n̲s̲_̲v̲a̲l̲_̲z̲e̲r̲o̲,̲ Matrix.head_cons, Set.mem_setOf_eq] at hx

Note: This linter can be disabled with `set_option linter.unusedSimpArgs false`
/Users/panda/Desktop/Lean/quick-test/harness/BridgeAll.lean:15184:40: warning: This simp argument is unused:
  Matrix.cons_val_zero

Hint: Omit it from the simp argument list.
  simp only [Matrix.cons_val_one, M̵a̵t̵r̵i̵x̵.̵c̵o̵n̵s̵_̵v̵a̵l̵_̵z̵e̵r̵o̵,̵ ̵Matrix.head_cons, Set.mem_setOf_eq] at hx

Note: This linter can be disabled with `set_option linter.unusedSimpArgs false`
/Users/panda/Desktop/Lean/quick-test/harness/BridgeAll.lean:15184:62: warning: This simp argument is unused:
  Matrix.head_cons

Hint: Omit it from the simp argument list.
  simp only [Matrix.cons_val_one, Matrix.cons_val_zero, M̵a̵t̵r̵i̵x̵.̵h̵e̵a̵d̵_̵c̵o̵n̵s̵,̵
  ̵ ̵ ̵ ̵ ̵ ̵ ̵ ̵ ̵ ̵ ̵Set.mem_setOf_eq] at hx

Note: This linter can be disabled with `set_option linter.unusedSimpArgs false`
/Users/panda/Desktop/Lean/quick-test/harness/BridgeAll.lean:15185:10: warning: This simp argument is unused:
  Set.mem_setOf_eq

Hint: Omit it from the simp argument list.
  simp only [Matrix.cons_val_one, Matrix.cons_val_zero, Matrix.head_cons,̵
  ̵ ̵ ̵ ̵ ̵ ̵ ̵ ̵ ̵ ̵ ̵S̵e̵t̵.̵m̵e̵m̵_̵s̵e̵t̵O̵f̵_̵e̵q̵] at hx

Note: This linter can be disabled with `set_option linter.unusedSimpArgs false`
/Users/panda/Desktop/Lean/quick-test/harness/BridgeAll.lean:15222:71: error(lean.unknownIdentifier): Unknown constant `Matrix.dotProduct`
/Users/panda/Desktop/Lean/quick-test/harness/BridgeAll.lean:15220:66: error: unsolved goals
case h
a b : ℕ
W : Fin b → Fin a → ℝ
c : Fin b → ℝ
x : Fin a → ℝ
i : Fin b
⊢ (fun j => W i j) ⬝ᵥ x = ∑ x_1, W i x_1 * x x_1
/Users/panda/Desktop/Lean/quick-test/harness/BridgeAll.lean:15253:6: error: No goals to be solved
/Users/panda/Desktop/Lean/quick-test/harness/BridgeAll.lean:15263:6: error: No goals to be solved
/Users/panda/Desktop/Lean/quick-test/harness/BridgeAll.lean:15302:4: warning: This simp argument is unused:
  Matrix.head_cons

Hint: Omit it from the simp argument list.
  simp only [padAffine, Agent038.Affine.apply, Matrix.cons_val_zero, Matrix.cons_val_one,̵
  ̵ ̵ ̵ ̵ ̵M̵a̵t̵r̵i̵x̵.̵h̵e̵a̵d̵_̵c̵o̵n̵s̵]

Note: This linter can be disabled with `set_option linter.unusedSimpArgs false`
/Users/panda/Desktop/Lean/quick-test/harness/BridgeAll.lean:15308:25: warning: This simp argument is unused:
  Matrix.head_cons

Hint: Omit it from the simp argument list.
  simp only [padCombine, Agent038.Affine.apply, Fin.sum_univ_two, Matrix.cons_val_zero,
      Matrix.cons_val_one,̵ ̵M̵a̵t̵r̵i̵x̵.̵h̵e̵a̵d̵_̵c̵o̵n̵s̵]

Note: This linter can be disabled with `set_option linter.unusedSimpArgs false`
/Users/panda/Desktop/Lean/quick-test/harness/BridgeAll.lean:15381:8: warning: declaration uses 'sorry'
@@BRIDGE Bridge_037_038 cpwl=SORRY_NE relun=SORRY depth=PROVED statement=SORRY
/Users/panda/Desktop/Lean/quick-test/harness/BridgeAll.lean:15428:4: error(lean.unknownIdentifier): Unknown constant `Matrix.dotProduct`
/Users/panda/Desktop/Lean/quick-test/harness/BridgeAll.lean:15425:42: error: unsolved goals
case h
a b : ℕ
T : Agent038.Affine a b
x : Fin a → ℝ
i : Fin b
⊢ (fun j => T.W i j) ⬝ᵥ x = ∑ j, T.W i j * x j
/Users/panda/Desktop/Lean/quick-test/harness/BridgeAll.lean:15438:4: error(lean.unknownIdentifier): Unknown constant `Matrix.dotProduct`
/Users/panda/Desktop/Lean/quick-test/harness/BridgeAll.lean:15435:42: error: unsolved goals
case h
a b : ℕ
T : Agent039.AffineMap a b
x : Fin a → ℝ
i : Fin b
⊢ ∑ x_1, T.A i x_1 * x x_1 = (fun j => T.A i j) ⬝ᵥ x
/Users/panda/Desktop/Lean/quick-test/harness/BridgeAll.lean:15524:21: error(lean.unknownIdentifier): Unknown constant `Matrix.dotProduct`
/Users/panda/Desktop/Lean/quick-test/harness/BridgeAll.lean:15524:21: error(lean.unknownIdentifier): Unknown constant `Matrix.dotProduct`
/Users/panda/Desktop/Lean/quick-test/harness/BridgeAll.lean:15520:45: error: unsolved goals
case h.refine_1
n : ℕ
x : Fin n → ℝ
k : Fin (n + n)
i : Fin n
⊢ (fun j => if i = j then 1 else 0) ⬝ᵥ x = x i

case h.refine_2
n : ℕ
x : Fin n → ℝ
k : Fin (n + n)
i : Fin n
⊢ (fun j => if i = j then -1 else 0) ⬝ᵥ x = -x i
/Users/panda/Desktop/Lean/quick-test/harness/BridgeAll.lean:15525:6: warning: This simp argument is unused:
  ite_mul

Hint: Omit it from the simp argument list.
  simp only [Agent039.AffineMap.eval, dupNeg, Pi.add_apply, Pi.zero_apply, add_zero,
        Matrix.mulVec, Matrix.dotProduct, Matrix.of_apply, Fin.append_left, Fin.append_right, ̲o̲n̲e̲_̲m̲u̲l̲,̲
        i̵t̵e̵_̵m̵u̵l̵,̵ ̵o̵n̵e̵_̵m̵u̵l̵,̵ ̵zero_mul, neg_one_mul, Fintype.sum_ite_eq, Pi.neg_apply]

Note: This linter can be disabled with `set_option linter.unusedSimpArgs false`
/Users/panda/Desktop/Lean/quick-test/harness/BridgeAll.lean:15525:15: warning: This simp argument is unused:
  one_mul

Hint: Omit it from the simp argument list.
  simp only [Agent039.AffineMap.eval, dupNeg, Pi.add_apply, Pi.zero_apply, add_zero,
        Matrix.mulVec, Matrix.dotProduct, Matrix.of_apply, Fin.append_left, Fin.append_right,
  ̵  ̵ ̵ ̵ ̵ ̵ite_mul,
  ̲ o̵n̵e̵_̵m̵u̵l̵,̵  ̲ ̲ ̲ ̲zero_mul, neg_one_mul, Fintype.sum_ite_eq, Pi.neg_apply]

Note: This linter can be disabled with `set_option linter.unusedSimpArgs false`
/Users/panda/Desktop/Lean/quick-test/harness/BridgeAll.lean:15525:24: warning: This simp argument is unused:
  zero_mul

Hint: Omit it from the simp argument list.
  simp only [Agent039.AffineMap.eval, dupNeg, Pi.add_apply, Pi.zero_apply, add_zero,
        Matrix.mulVec, Matrix.dotProduct, Matrix.of_apply, Fin.append_left, Fin.append_right,
  ̵  ̵ ̵ ̵ ̵ ̵ite_mul,
  ̲  ̲ ̲ ̲ ̲ ̲one_mul, z̵e̵r̵o̵_̵m̵u̵l̵,̵ ̵neg_one_mul, Fintype.sum_ite_eq, Pi.neg_apply]

Note: This linter can be disabled with `set_option linter.unusedSimpArgs false`
/Users/panda/Desktop/Lean/quick-test/harness/BridgeAll.lean:15525:34: warning: This simp argument is unused:
  neg_one_mul

Hint: Omit it from the simp argument list.
  simp only [Agent039.AffineMap.eval, dupNeg, Pi.add_apply, Pi.zero_apply, add_zero,
        Matrix.mulVec, Matrix.dotProduct, Matrix.of_apply, Fin.append_left, Fin.append_right,
  ̵  ̵ ̵ ̵ ̵ ̵ite_mul,
  ̲  ̲ ̲ ̲ ̲ ̲one_mul, zero_mul, n̵e̵g̵_̵o̵n̵e̵_̵m̵u̵l̵,̵ ̵Fintype.sum_ite_eq, Pi.neg_apply]

Note: This linter can be disabled with `set_option linter.unusedSimpArgs false`
/Users/panda/Desktop/Lean/quick-test/harness/BridgeAll.lean:15525:47: warning: This simp argument is unused:
  Fintype.sum_ite_eq

Hint: Omit it from the simp argument list.
  simp only [Agent039.AffineMap.eval, dupNeg, Pi.add_apply, Pi.zero_apply, add_zero,
        Matrix.mulVec, Matrix.dotProduct, Matrix.of_apply, Fin.append_left, Fin.append_right,
  ̵  ̵ ̵ ̵ ̵ ̵ite_mul,
  ̲  ̲ ̲ ̲ ̲ ̲one_mul, zero_mul, neg_one_mul, F̵i̵n̵t̵y̵p̵e̵.̵s̵u̵m̵_̵i̵t̵e̵_̵e̵q̵,̵ ̵Pi.neg_apply]

Note: This linter can be disabled with `set_option linter.unusedSimpArgs false`
/Users/panda/Desktop/Lean/quick-test/harness/BridgeAll.lean:15535:19: error(lean.unknownIdentifier): Unknown constant `Matrix.dotProduct`
/Users/panda/Desktop/Lean/quick-test/harness/BridgeAll.lean:15533:55: error: unsolved goals
n : ℕ
u v : Fin n → ℝ
i : Fin n
⊢ (fun j => Fin.append (fun j => if i = j then 1 else 0) (fun j => if i = j then -1 else 0) j) ⬝ᵥ Fin.append u v =
    u i + -v i
/Users/panda/Desktop/Lean/quick-test/harness/BridgeAll.lean:15535:55: warning: This simp argument is unused:
  Fin.sum_univ_add

Hint: Omit it from the simp argument list.
  simp only [Agent039.AffineMap.eval, combine, Pi.add_apply, Pi.zero_apply, add_zero,
  ̵  ̵ ̵ ̵Matrix.mulVec,
  ̲  ̲ ̲ ̲Matrix.dotProduct, Matrix.of_apply, Fin.s̵u̵m̵_̵u̵n̵i̵v̵_̵ad̵d̵,̵ ̵F̵i̵n̵.̵a̵ppend_left,
  ̵  ̵ ̵ ̵Fin.append_right, ite_mul, one_mul,
  ̲  ̲ ̲ ̲zero_mul, neg_one_mul, Fintype.sum_ite_eq,
  ̵  ̵ ̵ ̵sub_eq_add_neg]

Note: This linter can be disabled with `set_option linter.unusedSimpArgs false`
/Users/panda/Desktop/Lean/quick-test/harness/BridgeAll.lean:15535:73: warning: This simp argument is unused:
  Fin.append_left

Hint: Omit it from the simp argument list.
  simp only [Agent039.AffineMap.eval, combine, Pi.add_apply, Pi.zero_apply, add_zero,
  ̵  ̵ ̵ ̵Matrix.mulVec,
  ̲  ̲ ̲ ̲Matrix.dotProduct, Matrix.of_apply, Fin.sum_univ_add, Fin.append_l̵e̵f̵t̵,̵
  ̵ ̵ ̵ ̵ ̵F̵i̵n̵.̵a̵p̵p̵e̵n̵d̵_̵right, ite_mul, one_mul,
  ̲  ̲ ̲ ̲zero_mul, neg_one_mul, Fintype.sum_ite_eq,
  ̵  ̵ ̵ ̵sub_eq_add_neg]

Note: This linter can be disabled with `set_option linter.unusedSimpArgs false`
/Users/panda/Desktop/Lean/quick-test/harness/BridgeAll.lean:15536:4: warning: This simp argument is unused:
  Fin.append_right

Hint: Omit it from the simp argument list.
  simp only [Agent039.AffineMap.eval, combine, Pi.add_apply, Pi.zero_apply, add_zero, Matrix.mulVec,
  ̲  ̲ ̲ ̲Matrix.dotProduct, Matrix.of_apply, Fin.sum_univ_add, Fin.append_left, F̵i̵n̵.̵a̵p̵p̵e̵n̵d̵_̵r̵i̵g̵h̵t̵,̵ ̵ite_mul, one_mul,
  ̲  ̲ ̲ ̲zero_mul, neg_one_mul, Fintype.sum_ite_eq, sub_eq_add_neg]

Note: This linter can be disabled with `set_option linter.unusedSimpArgs false`
/Users/panda/Desktop/Lean/quick-test/harness/BridgeAll.lean:15536:22: warning: This simp argument is unused:
  ite_mul

Hint: Omit it from the simp argument list.
  simp only [Agent039.AffineMap.eval, combine, Pi.add_apply, Pi.zero_apply, add_zero,
  ̵  ̵ ̵ ̵Matrix.mulVec,
  ̲  ̲ ̲ ̲Matrix.dotProduct, Matrix.of_apply, Fin.sum_univ_add, Fin.append_left,
  ̵  ̵ ̵ ̵Fin.append_right,
  ̲ i̵t̵e̵_̵m̵u̵l̵,̵  ̲ ̲one_mul, zero_mul, neg_one_mul, Fintype.sum_ite_eq,
  ̵  ̵ ̵ ̵sub_eq_add_neg]

Note: This linter can be disabled with `set_option linter.unusedSimpArgs false`
/Users/panda/Desktop/Lean/quick-test/harness/BridgeAll.lean:15536:31: warning: This simp argument is unused:
  one_mul

Hint: Omit it from the simp argument list.
  simp only [Agent039.AffineMap.eval, combine, Pi.add_apply, Pi.zero_apply, add_zero,
  ̵  ̵ ̵ ̵Matrix.mulVec,
  ̲  ̲ ̲ ̲Matrix.dotProduct, Matrix.of_apply, Fin.sum_univ_add, Fin.append_left,
  ̵  ̵ ̵ ̵Fin.append_right,
  ̲  ̲ ̲ ̲ite_mul, o̵n̵e̵_̵m̵u̵l̵,̵ ̵zero_mul, neg_one_mul, Fintype.sum_ite_eq,
  ̵  ̵ ̵ ̵sub_eq_add_neg]

Note: This linter can be disabled with `set_option linter.unusedSimpArgs false`
/Users/panda/Desktop/Lean/quick-test/harness/BridgeAll.lean:15536:40: warning: This simp argument is unused:
  zero_mul

Hint: Omit it from the simp argument list.
  simp only [Agent039.AffineMap.eval, combine, Pi.add_apply, Pi.zero_apply, add_zero,
  ̵  ̵ ̵ ̵Matrix.mulVec,
  ̲  ̲ ̲ ̲Matrix.dotProduct, Matrix.of_apply, Fin.sum_univ_add, Fin.append_left,
  ̵  ̵ ̵ ̵Fin.append_right,
  ̲  ̲ ̲ ̲ite_mul, one_mul, z̵e̵r̵o̵_̵m̵u̵l̵,̵ ̵neg_one_mul, Fintype.sum_ite_eq,
  ̵  ̵ ̵ ̵sub_eq_add_neg]

Note: This linter can be disabled with `set_option linter.unusedSimpArgs false`
/Users/panda/Desktop/Lean/quick-test/harness/BridgeAll.lean:15536:50: warning: This simp argument is unused:
  neg_one_mul

Hint: Omit it from the simp argument list.
  simp only [Agent039.AffineMap.eval, combine, Pi.add_apply, Pi.zero_apply, add_zero,
  ̵  ̵ ̵ ̵Matrix.mulVec,
  ̲  ̲ ̲ ̲Matrix.dotProduct, Matrix.of_apply, Fin.sum_univ_add, Fin.append_left,
  ̵  ̵ ̵ ̵Fin.append_right,
  ̲  ̲ ̲ ̲ite_mul, one_mul, zero_mul, n̵e̵g̵_̵o̵n̵e̵_̵m̵u̵l̵,̵ ̵Fintype.sum_ite_eq,
  ̵  ̵ ̵ ̵sub_eq_add_neg]

Note: This linter can be disabled with `set_option linter.unusedSimpArgs false`
/Users/panda/Desktop/Lean/quick-test/harness/BridgeAll.lean:15536:63: warning: This simp argument is unused:
  Fintype.sum_ite_eq

Hint: Omit it from the simp argument list.
  simp only [Agent039.AffineMap.eval, combine, Pi.add_apply, Pi.zero_apply, add_zero,
  ̵  ̵ ̵ ̵Matrix.mulVec,
  ̲  ̲ ̲ ̲Matrix.dotProduct, Matrix.of_apply, Fin.sum_univ_add, Fin.append_left,
  ̵  ̵ ̵ ̵Fin.append_right,
  ̲  ̲ ̲ ̲ite_mul, one_mul, zero_mul, neg_one_mul, F̵i̵n̵t̵y̵p̵e̵.̵sum̵_̵i̵t̵e̵_̵e̵q̵,̵
  ̵ ̵ ̵ ̵ ̵s̵u̵b_eq_add_neg]

Note: This linter can be disabled with `set_option linter.unusedSimpArgs false`
/Users/panda/Desktop/Lean/quick-test/harness/BridgeAll.lean:15602:23: warning: unused variable `hn`

Note: This linter can be disabled with `set_option linter.unusedVariables false`
@@BRIDGE Bridge_038_039 cpwl=PROVED relun=SORRY depth=PROVED statement=SORRY
/Users/panda/Desktop/Lean/quick-test/harness/BridgeAll.lean:15650:23: warning: unused variable `hn`

Note: This linter can be disabled with `set_option linter.unusedVariables false`
/Users/panda/Desktop/Lean/quick-test/harness/BridgeAll.lean:15694:8: warning: declaration uses 'sorry'
/Users/panda/Desktop/Lean/quick-test/harness/BridgeAll.lean:15703:8: warning: declaration uses 'sorry'
@@BRIDGE Bridge_039_040 cpwl=PROVED relun=SORRY depth=PROVED statement=SORRY
/Users/panda/Desktop/Lean/quick-test/harness/BridgeAll.lean:15753:13: error(lean.unknownIdentifier): Unknown identifier `le_or_lt`
/Users/panda/Desktop/Lean/quick-test/harness/BridgeAll.lean:15753:35: error: Tactic `rcases` failed: `x✝ : ?m.364` is not an inductive datatype
/Users/panda/Desktop/Lean/quick-test/harness/BridgeAll.lean:15749:19: warning: This simp argument is unused:
  Matrix.cons_val_zero

Hint: Omit it from the simp argument list.
  simp only [̵M̵a̵t̵r̵i̵x̵.̵c̵o̵n̵s̵_̵v̵a̵l̵_̵z̵e̵r̵o̵,̵ ̵M̵a̵t̵r̵i̵x̵.̵c̵o̵n̵s̵_̵v̵a̵l̵_̵o̵n̵e̵,̵[̲M̲a̲t̲r̲i̲x̲.̲c̲o̲n̲s̲_̲v̲a̲l̲_̲o̲n̲e̲,̲ Matrix.head_cons]

Note: This linter can be disabled with `set_option linter.unusedSimpArgs false`
/Users/panda/Desktop/Lean/quick-test/harness/BridgeAll.lean:15749:41: warning: This simp argument is unused:
  Matrix.cons_val_one

Hint: Omit it from the simp argument list.
  simp only [Matrix.cons_val_zero, Matrix.c̵o̵n̵s̵_̵v̵a̵l̵_̵o̵n̵e̵,̵ ̵M̵a̵t̵r̵i̵x̵.̵head_cons]

Note: This linter can be disabled with `set_option linter.unusedSimpArgs false`
/Users/panda/Desktop/Lean/quick-test/harness/BridgeAll.lean:15749:62: warning: This simp argument is unused:
  Matrix.head_cons

Hint: Omit it from the simp argument list.
  simp only [Matrix.cons_val_zero, Matrix.cons_val_one,̵ ̵M̵a̵t̵r̵i̵x̵.̵h̵e̵a̵d̵_̵c̵o̵n̵s̵]

Note: This linter can be disabled with `set_option linter.unusedSimpArgs false`
/Users/panda/Desktop/Lean/quick-test/harness/BridgeAll.lean:15751:48: warning: This simp argument is unused:
  Fin.sum_univ_one

Hint: Omit it from the simp argument list.
  simp ̵[̵F̵i̵n̵.̵s̵u̵m̵_̵u̵n̵i̵v̵_̵o̵n̵e̵]̵

Note: This linter can be disabled with `set_option linter.unusedSimpArgs false`
/Users/panda/Desktop/Lean/quick-test/harness/BridgeAll.lean:15775:44: warning: This simp argument is unused:
  Fin.sum_univ_one

Hint: Omit it from the simp argument list.
  simp [Agent040.Affine.eval, hψ_def,̵ ̵F̵i̵n̵.̵s̵u̵m̵_̵u̵n̵i̵v̵_̵o̵n̵e̵]

Note: This linter can be disabled with `set_option linter.unusedSimpArgs false`
/Users/panda/Desktop/Lean/quick-test/harness/BridgeAll.lean:15843:8: warning: declaration uses 'sorry'
/Users/panda/Desktop/Lean/quick-test/harness/BridgeAll.lean:15868:8: warning: declaration uses 'sorry'
@@BRIDGE Bridge_040_041 cpwl=SORRY_NE relun=SORRY depth=PROVED statement=SORRY
/Users/panda/Desktop/Lean/quick-test/harness/BridgeAll.lean:15931:8: warning: declaration uses 'sorry'
/Users/panda/Desktop/Lean/quick-test/harness/BridgeAll.lean:15973:8: warning: declaration uses 'sorry'
/Users/panda/Desktop/Lean/quick-test/harness/BridgeAll.lean:15987:8: warning: declaration uses 'sorry'
@@BRIDGE Bridge_041_042 cpwl=SORRY relun=SORRY depth=PROVED statement=SORRY
/Users/panda/Desktop/Lean/quick-test/harness/BridgeAll.lean:16028:23: warning: unused variable `hn`

Note: This linter can be disabled with `set_option linter.unusedVariables false`
/Users/panda/Desktop/Lean/quick-test/harness/BridgeAll.lean:16054:10: error: linarith failed to find a contradiction
case refine_1.«0».h.mp.«0».h
hEq : Agent042.CPWL 1 = Agent043.CPWL 1
x : Fin 1 → ℝ
h : x ∈ ![{x | 0 ≤ x 0}, {x | x 0 ≤ 0}] ⟨0, ⋯⟩
a✝ : ![0] ⟨0, ⋯⟩ < ![fun x => -1] ⟨0, ⋯⟩ 0 * x 0
⊢ False
failed
/Users/panda/Desktop/Lean/quick-test/harness/BridgeAll.lean:16058:10: error: linarith failed to find a contradiction
case refine_1.«0».h.mpr
hEq : Agent042.CPWL 1 = Agent043.CPWL 1
x : Fin 1 → ℝ
h : ∀ (j : Fin 1), ∑ i, ![fun x => -1] j i * x i ≤ ![0] j
h0 : -1 * x 0 ≤ 0
⊢ False
failed
/Users/panda/Desktop/Lean/quick-test/harness/BridgeAll.lean:16066:10: error: linarith failed to find a contradiction
case refine_1.«1».h.mp.«0».h
hEq : Agent042.CPWL 1 = Agent043.CPWL 1
x : Fin 1 → ℝ
h : x ∈ ![{x | 0 ≤ x 0}, {x | x 0 ≤ 0}] ⟨1, ⋯⟩
a✝ : ![0] ⟨0, ⋯⟩ < ![fun x => 1] ⟨0, ⋯⟩ 0 * x 0
⊢ False
failed
/Users/panda/Desktop/Lean/quick-test/harness/BridgeAll.lean:16070:10: error: linarith failed to find a contradiction
case refine_1.«1».h.mpr
hEq : Agent042.CPWL 1 = Agent043.CPWL 1
x : Fin 1 → ℝ
h : ∀ (j : Fin 1), ∑ i, ![fun x => 1] j i * x i ≤ ![0] j
h0 : 1 * x 0 ≤ 0
⊢ False
failed
/Users/panda/Desktop/Lean/quick-test/harness/BridgeAll.lean:16073:13: error(lean.unknownIdentifier): Unknown identifier `le_or_lt`
/Users/panda/Desktop/Lean/quick-test/harness/BridgeAll.lean:16073:35: error: Tactic `rcases` failed: `x✝ : ?m.740` is not an inductive datatype
Try this:
  [apply] ring_nf
  
  The `ring` tactic failed to close the goal. Use `ring_nf` to obtain a normal form.
    
  Note that `ring` works primarily in *commutative* rings. If you have a noncommutative ring, abelian group or module, consider using `noncomm_ring`, `abel` or `module` instead.
/Users/panda/Desktop/Lean/quick-test/harness/BridgeAll.lean:16082:6: error: unsolved goals
case refine_3.«0»
hEq : Agent042.CPWL 1 = Agent043.CPWL 1
x : Fin 1 → ℝ
hx : x ∈ ![{x | 0 ≤ x 0}, {x | x 0 ≤ 0}] ⟨0, ⋯⟩
⊢ x 0 = ![fun x => 1, fun x => 0] ⟨0, ⋯⟩ 0 * x 0 + ![0, 0] ⟨0, ⋯⟩
Try this:
  [apply] ring_nf
  
  The `ring` tactic failed to close the goal. Use `ring_nf` to obtain a normal form.
    
  Note that `ring` works primarily in *commutative* rings. If you have a noncommutative ring, abelian group or module, consider using `noncomm_ring`, `abel` or `module` instead.
/Users/panda/Desktop/Lean/quick-test/harness/BridgeAll.lean:16087:6: error: unsolved goals
case refine_3.«1»
hEq : Agent042.CPWL 1 = Agent043.CPWL 1
x : Fin 1 → ℝ
hx : x ∈ ![{x | 0 ≤ x 0}, {x | x 0 ≤ 0}] ⟨1, ⋯⟩
⊢ 0 = ![fun x => 1, fun x => 0] ⟨1, ⋯⟩ 0 * x 0 + ![0, 0] ⟨1, ⋯⟩
/Users/panda/Desktop/Lean/quick-test/harness/BridgeAll.lean:16049:19: warning: This simp argument is unused:
  Matrix.cons_val_zero

Hint: Omit it from the simp argument list.
  simp only [M̵a̵t̵r̵i̵x̵.̵c̵o̵n̵s̵_̵v̵a̵l̵_̵z̵e̵r̵o̵,̵ ̵Set.mem_setOf_eq]

Note: This linter can be disabled with `set_option linter.unusedSimpArgs false`
/Users/panda/Desktop/Lean/quick-test/harness/BridgeAll.lean:16053:21: warning: This simp argument is unused:
  Matrix.cons_val_zero

Hint: Omit it from the simp argument list.
  simp only [M̵a̵t̵r̵i̵x̵.̵c̵o̵n̵s̵_̵v̵a̵l̵_̵z̵e̵r̵o̵,̵ ̵Fin.sum_univ_one]

Note: This linter can be disabled with `set_option linter.unusedSimpArgs false`
/Users/panda/Desktop/Lean/quick-test/harness/BridgeAll.lean:16061:19: warning: This simp argument is unused:
  Matrix.cons_val_one

Hint: Omit it from the simp argument list.
  simp only [Matrix.cons_val_o̵n̵e̵,̵ ̵M̵a̵t̵r̵i̵x̵.̵c̵o̵n̵s̵_̵v̵a̵l̵_̵zero, Set.mem_setOf_eq]

Note: This linter can be disabled with `set_option linter.unusedSimpArgs false`
/Users/panda/Desktop/Lean/quick-test/harness/BridgeAll.lean:16061:40: warning: This simp argument is unused:
  Matrix.cons_val_zero

Hint: Omit it from the simp argument list.
  simp only [Matrix.cons_val_one, M̵a̵t̵r̵i̵x̵.̵c̵o̵n̵s̵_̵v̵a̵l̵_̵z̵e̵r̵o̵,̵ ̵Set.mem_setOf_eq]

Note: This linter can be disabled with `set_option linter.unusedSimpArgs false`
/Users/panda/Desktop/Lean/quick-test/harness/BridgeAll.lean:16065:21: warning: This simp argument is unused:
  Matrix.cons_val_zero

Hint: Omit it from the simp argument list.
  simp only [M̵a̵t̵r̵i̵x̵.̵c̵o̵n̵s̵_̵v̵a̵l̵_̵z̵e̵r̵o̵,̵ ̵Fin.sum_univ_one]

Note: This linter can be disabled with `set_option linter.unusedSimpArgs false`
/Users/panda/Desktop/Lean/quick-test/harness/BridgeAll.lean:16083:19: warning: This simp argument is unused:
  Matrix.cons_val_zero

Hint: Omit it from the simp argument list.
  simp only [̵M̵a̵t̵r̵i̵x̵.̵c̵o̵n̵s̵_̵v̵a̵l̵_̵z̵e̵r̵o̵,̵ ̵M̵a̵t̵r̵i̵x̵.̵c̵o̵n̵s̵_̵v̵a̵l̵_̵o̵n̵e̵,̵[̲M̲a̲t̲r̲i̲x̲.̲c̲o̲n̲s̲_̲v̲a̲l̲_̲o̲n̲e̲,̲ Set.mem_setOf_eq] at hx

Note: This linter can be disabled with `set_option linter.unusedSimpArgs false`
/Users/panda/Desktop/Lean/quick-test/harness/BridgeAll.lean:16083:41: warning: This simp argument is unused:
  Matrix.cons_val_one

Hint: Omit it from the simp argument list.
  simp only [Matrix.cons_val_zero, M̵a̵t̵r̵i̵x̵.̵c̵o̵n̵s̵_̵v̵a̵l̵_̵o̵n̵e̵,̵ ̵Set.mem_setOf_eq] at hx

Note: This linter can be disabled with `set_option linter.unusedSimpArgs false`
/Users/panda/Desktop/Lean/quick-test/harness/BridgeAll.lean:16083:62: warning: This simp argument is unused:
  Set.mem_setOf_eq

Hint: Omit it from the simp argument list.
  simp only [Matrix.cons_val_zero, Matrix.cons_val_one,̵ ̵S̵e̵t̵.̵m̵e̵m̵_̵s̵e̵t̵O̵f̵_̵e̵q̵] at hx

Note: This linter can be disabled with `set_option linter.unusedSimpArgs false`
/Users/panda/Desktop/Lean/quick-test/harness/BridgeAll.lean:16084:19: warning: This simp argument is unused:
  Matrix.cons_val_zero

Hint: Omit it from the simp argument list.
  simp only [̵M̵a̵t̵r̵i̵x̵.̵c̵o̵n̵s̵_̵v̵a̵l̵_̵z̵e̵r̵o̵,̵ ̵M̵a̵t̵r̵i̵x̵.̵c̵o̵n̵s̵_̵v̵a̵l̵_̵o̵n̵e̵,̵[̲M̲a̲t̲r̲i̲x̲.̲c̲o̲n̲s̲_̲v̲a̲l̲_̲o̲n̲e̲,̲ Fin.sum_univ_one]

Note: This linter can be disabled with `set_option linter.unusedSimpArgs false`
/Users/panda/Desktop/Lean/quick-test/harness/BridgeAll.lean:16084:41: warning: This simp argument is unused:
  Matrix.cons_val_one

Hint: Omit it from the simp argument list.
  simp only [Matrix.cons_val_zero, M̵a̵t̵r̵i̵x̵.̵c̵o̵n̵s̵_̵v̵a̵l̵_̵o̵n̵e̵,̵ ̵Fin.sum_univ_one]

Note: This linter can be disabled with `set_option linter.unusedSimpArgs false`
/Users/panda/Desktop/Lean/quick-test/harness/BridgeAll.lean:16088:19: warning: This simp argument is unused:
  Matrix.cons_val_zero

Hint: Omit it from the simp argument list.
  simp only [̵M̵a̵t̵r̵i̵x̵.̵c̵o̵n̵s̵_̵v̵a̵l̵_̵z̵e̵r̵o̵,̵ ̵M̵a̵t̵r̵i̵x̵.̵c̵o̵n̵s̵_̵v̵a̵l̵_̵o̵n̵e̵,̵[̲M̲a̲t̲r̲i̲x̲.̲c̲o̲n̲s̲_̲v̲a̲l̲_̲o̲n̲e̲,̲ Set.mem_setOf_eq] at hx

Note: This linter can be disabled with `set_option linter.unusedSimpArgs false`
/Users/panda/Desktop/Lean/quick-test/harness/BridgeAll.lean:16088:41: warning: This simp argument is unused:
  Matrix.cons_val_one

Hint: Omit it from the simp argument list.
  simp only [Matrix.cons_val_zero, M̵a̵t̵r̵i̵x̵.̵c̵o̵n̵s̵_̵v̵a̵l̵_̵o̵n̵e̵,̵ ̵Set.mem_setOf_eq] at hx

Note: This linter can be disabled with `set_option linter.unusedSimpArgs false`
/Users/panda/Desktop/Lean/quick-test/harness/BridgeAll.lean:16088:62: warning: This simp argument is unused:
  Set.mem_setOf_eq

Hint: Omit it from the simp argument list.
  simp only [Matrix.cons_val_zero, Matrix.cons_val_one,̵ ̵S̵e̵t̵.̵m̵e̵m̵_̵s̵e̵t̵O̵f̵_̵e̵q̵] at hx

Note: This linter can be disabled with `set_option linter.unusedSimpArgs false`
/Users/panda/Desktop/Lean/quick-test/harness/BridgeAll.lean:16089:19: warning: This simp argument is unused:
  Matrix.cons_val_zero

Hint: Omit it from the simp argument list.
  simp only [̵M̵a̵t̵r̵i̵x̵.̵c̵o̵n̵s̵_̵v̵a̵l̵_̵z̵e̵r̵o̵,̵ ̵M̵a̵t̵r̵i̵x̵.̵c̵o̵n̵s̵_̵v̵a̵l̵_̵o̵n̵e̵,̵[̲M̲a̲t̲r̲i̲x̲.̲c̲o̲n̲s̲_̲v̲a̲l̲_̲o̲n̲e̲,̲ Fin.sum_univ_one]

Note: This linter can be disabled with `set_option linter.unusedSimpArgs false`
/Users/panda/Desktop/Lean/quick-test/harness/BridgeAll.lean:16089:41: warning: This simp argument is unused:
  Matrix.cons_val_one

Hint: Omit it from the simp argument list.
  simp only [Matrix.cons_val_zero, M̵a̵t̵r̵i̵x̵.̵c̵o̵n̵s̵_̵v̵a̵l̵_̵o̵n̵e̵,̵ ̵Fin.sum_univ_one]

Note: This linter can be disabled with `set_option linter.unusedSimpArgs false`
/Users/panda/Desktop/Lean/quick-test/harness/BridgeAll.lean:16132:8: warning: declaration uses 'sorry'
/Users/panda/Desktop/Lean/quick-test/harness/BridgeAll.lean:16144:8: warning: declaration uses 'sorry'
@@BRIDGE Bridge_042_043 cpwl=SORRY_NE relun=SORRY depth=PROVED statement=SORRY
/Users/panda/Desktop/Lean/quick-test/harness/BridgeAll.lean:16203:4: warning: this tactic is never executed

Note: This linter can be disabled with `set_option linter.unreachableTactic false`
/Users/panda/Desktop/Lean/quick-test/harness/BridgeAll.lean:16204:4: warning: this tactic is never executed

Note: This linter can be disabled with `set_option linter.unreachableTactic false`
/Users/panda/Desktop/Lean/quick-test/harness/BridgeAll.lean:16203:4: warning: '(apply Fin.ext; simp)' tactic does nothing

Note: This linter can be disabled with `set_option linter.unusedTactic false`
/Users/panda/Desktop/Lean/quick-test/harness/BridgeAll.lean:16204:4: warning: 'exact Subsingleton.elim i 0' tactic does nothing

Note: This linter can be disabled with `set_option linter.unusedTactic false`
/Users/panda/Desktop/Lean/quick-test/harness/BridgeAll.lean:16304:23: warning: unused variable `hn`

Note: This linter can be disabled with `set_option linter.unusedVariables false`
@@BRIDGE Bridge_043_044 cpwl=PROVED relun=PROVED depth=PROVED statement=PROVED
/Users/panda/Desktop/Lean/quick-test/harness/BridgeAll.lean:16350:4: error(lean.unknownIdentifier): Unknown constant `Matrix.dotProduct`
/Users/panda/Desktop/Lean/quick-test/harness/BridgeAll.lean:16347:34: error: unsolved goals
case h
a b : ℕ
T : Agent044.AffineMap a b
x : Fin a → ℝ
i : Fin b
⊢ ∑ x_1, T.A i x_1 * x x_1 = (fun j => T.A i j) ⬝ᵥ x
/Users/panda/Desktop/Lean/quick-test/harness/BridgeAll.lean:16360:4: error(lean.unknownIdentifier): Unknown constant `Matrix.dotProduct`
/Users/panda/Desktop/Lean/quick-test/harness/BridgeAll.lean:16357:34: error: unsolved goals
case h
a b : ℕ
T : Agent045.AffineTransform a b
x : Fin a → ℝ
i : Fin b
⊢ (fun j => T.A i j) ⬝ᵥ x = ∑ j, T.A i j * x j
/Users/panda/Desktop/Lean/quick-test/harness/BridgeAll.lean:16414:54: error(lean.unknownIdentifier): Unknown constant `Matrix.dotProduct`
/Users/panda/Desktop/Lean/quick-test/harness/BridgeAll.lean:16414:39: warning: This simp argument is unused:
  Matrix.mulVec

Hint: Omit it from the simp argument list.
  simp [Agent044.AffineMap.eval, M̵a̵t̵r̵i̵x̵.̵m̵u̵l̵V̵e̵c̵,̵ ̵Matrix.dotProduct, Pi.add_apply, Pi.zero_apply,
  ̲  ̲ ̲ ̲ ̲ ̲ ̲ ̲ ̲ ̲Matrix.zero_apply]

Note: This linter can be disabled with `set_option linter.unusedSimpArgs false`
/Users/panda/Desktop/Lean/quick-test/harness/BridgeAll.lean:16415:10: warning: This simp argument is unused:
  Pi.zero_apply

Hint: Omit it from the simp argument list.
  simp [Agent044.AffineMap.eval, Matrix.mulVec, Matrix.dotProduct, Pi.add_apply,
            P̵i̵.̵z̵e̵r̵o̵_̵a̵p̵p̵l̵y̵,̵ ̵Matrix.zero_apply]

Note: This linter can be disabled with `set_option linter.unusedSimpArgs false`
/Users/panda/Desktop/Lean/quick-test/harness/BridgeAll.lean:16415:25: warning: This simp argument is unused:
  Matrix.zero_apply

Hint: Omit it from the simp argument list.
  simp [Agent044.AffineMap.eval, Matrix.mulVec, Matrix.dotProduct, Pi.add_apply,
            Pi.zero_apply,̵ ̵M̵a̵t̵r̵i̵x̵.̵z̵e̵r̵o̵_̵a̵p̵p̵l̵y̵]

Note: This linter can be disabled with `set_option linter.unusedSimpArgs false`
/Users/panda/Desktop/Lean/quick-test/harness/BridgeAll.lean:16451:23: warning: unused variable `hn`

Note: This linter can be disabled with `set_option linter.unusedVariables false`
@@BRIDGE Bridge_044_045 cpwl=PROVED relun=SORRY depth=PROVED statement=SORRY
/Users/panda/Desktop/Lean/quick-test/harness/BridgeAll.lean:16493:48: error: unsolved goals
n : ℕ
f : (Fin n → ℝ) → ℝ
T : Agent046.AffineMap n 1
hT : f = fun x => T.apply x 0
x : Fin n → ℝ
⊢ (fun x => T.apply x 0) x = (toAT T).eval x 0
/Users/panda/Desktop/Lean/quick-test/harness/BridgeAll.lean:16499:67: error: unsolved goals
k n : ℕ
f : (Fin n → ℝ) → ℝ
m : ℕ
T : Agent046.AffineMap n m
g : (Fin m → ℝ) → ℝ
hg : Agent046.NetComputes m k g
hf : f = fun x => g (Agent046.reluVec (T.apply x))
x : Fin n → ℝ
⊢ (fun x => g (Agent046.reluVec (T.apply x))) x = g (Agent045.reluVec ((toAT T).eval x))
/Users/panda/Desktop/Lean/quick-test/harness/BridgeAll.lean:16525:4: error: unsolved goals
case refine_2.«0».h
x : Fin 1 → ℝ
⊢ x ∈ ![{x | x 0 ≤ 0}, {x | 0 ≤ x 0}] ⟨0, ⋯⟩ ↔ x 0 ≤ 0
/Users/panda/Desktop/Lean/quick-test/harness/BridgeAll.lean:16532:34: error: linarith failed to find a contradiction
case refine_2.«1».h.mp.h
x : Fin 1 → ℝ
h : x ∈ ![{x | x 0 ≤ 0}, {x | 0 ≤ x 0}] ⟨1, ⋯⟩
a✝ : 0 < -1 * x 0
⊢ False
failed
/Users/panda/Desktop/Lean/quick-test/harness/BridgeAll.lean:16532:34: error: linarith failed to find a contradiction
case refine_2.«1».h.mpr
x : Fin 1 → ℝ
h : -1 * x 0 ≤ 0
⊢ False
failed
/Users/panda/Desktop/Lean/quick-test/harness/BridgeAll.lean:16523:37: warning: This simp argument is unused:
  Fin.sum_univ_one

Hint: Omit it from the simp argument list.
  simp ̵[̵F̵i̵n̵.̵s̵u̵m̵_̵u̵n̵i̵v̵_̵o̵n̵e̵]̵

Note: This linter can be disabled with `set_option linter.unusedSimpArgs false`
/Users/panda/Desktop/Lean/quick-test/harness/BridgeAll.lean:16540:23: warning: This simp argument is unused:
  Matrix.cons_val_zero

Hint: Omit it from the simp argument list.
  simp only [kink, M̵a̵t̵r̵i̵x̵.̵c̵o̵n̵s̵_̵v̵a̵l̵_̵z̵e̵r̵o̵,̵ ̵Set.mem_setOf_eq] at hx ⊢

Note: This linter can be disabled with `set_option linter.unusedSimpArgs false`
/Users/panda/Desktop/Lean/quick-test/harness/BridgeAll.lean:16540:45: warning: This simp argument is unused:
  Set.mem_setOf_eq

Hint: Omit it from the simp argument list.
  simp only [kink, Matrix.cons_val_zero,̵ ̵S̵e̵t̵.̵m̵e̵m̵_̵s̵e̵t̵O̵f̵_̵e̵q̵] at hx ⊢

Note: This linter can be disabled with `set_option linter.unusedSimpArgs false`
/Users/panda/Desktop/Lean/quick-test/harness/BridgeAll.lean:16543:23: warning: This simp argument is unused:
  Matrix.cons_val_one

Hint: Omit it from the simp argument list.
  simp only [kink, Matrix.c̵o̵n̵s̵_̵v̵a̵l̵_̵o̵n̵e̵,̵ ̵M̵a̵t̵r̵i̵x̵.̵head_cons, Set.mem_setOf_eq] at hx ⊢

Note: This linter can be disabled with `set_option linter.unusedSimpArgs false`
/Users/panda/Desktop/Lean/quick-test/harness/BridgeAll.lean:16543:44: warning: This simp argument is unused:
  Matrix.head_cons

Hint: Omit it from the simp argument list.
  simp only [kink, Matrix.cons_val_one, M̵a̵t̵r̵i̵x̵.̵h̵e̵a̵d̵_̵c̵o̵n̵s̵,̵ ̵Set.mem_setOf_eq] at hx ⊢

Note: This linter can be disabled with `set_option linter.unusedSimpArgs false`
/Users/panda/Desktop/Lean/quick-test/harness/BridgeAll.lean:16543:62: warning: This simp argument is unused:
  Set.mem_setOf_eq

Hint: Omit it from the simp argument list.
  simp only [kink, Matrix.cons_val_one, Matrix.head_cons,̵ ̵S̵e̵t̵.̵m̵e̵m̵_̵s̵e̵t̵O̵f̵_̵e̵q̵] at hx ⊢

Note: This linter can be disabled with `set_option linter.unusedSimpArgs false`
/Users/panda/Desktop/Lean/quick-test/harness/BridgeAll.lean:16567:6: error: Tactic `rewrite` failed: Did not find an occurrence of the pattern
  max ?a ?a
in the target expression
  0 ∈ {x | max 0 x = a 0 * x + b}

m : ℕ
g : Fin m → (Fin 1 → ℝ) → ℝ
hgaff : ∀ (i : Fin m), Agent045.IsAffineFun 1 (g i)
hloc : ∀ (x : Fin 1 → ℝ), ∃ i, ∀ᶠ (y : Fin 1 → ℝ) in nhds x, kink y = g i y
i : Fin m
hev : ∀ᶠ (y : Fin 1 → ℝ) in nhds 0, kink y = g i y
a : Fin 1 → ℝ
b : ℝ
hgi : ∀ (x : Fin 1 → ℝ), g i x = ∑ i, a i * x i + b
hιcont : Continuous fun t x => t
htendsto : Filter.Tendsto (fun t x => t) (nhds 0) (nhds 0)
hev' : ∀ᶠ (t : ℝ) in nhds 0, (kink fun x => t) = g i fun x => t
ε : ℝ
hε : ε > 0
hsub : Metric.ball 0 ε ⊆ {x | (fun t => (kink fun x => t) = g i fun x => t) x}
hd0 : dist 0 0 < ε
hd1 : dist (ε / 2) 0 < ε
hd2 : dist (-(ε / 2)) 0 < ε
e0 : 0 ∈ {x | max 0 x = a 0 * x + b}
e1 : ε / 2 ∈ {x | max 0 x = a 0 * x + b}
e2 : -(ε / 2) ∈ {x | max 0 x = a 0 * x + b}
⊢ False
/Users/panda/Desktop/Lean/quick-test/harness/BridgeAll.lean:16590:8: warning: declaration uses 'sorry'
@@BRIDGE Bridge_045_046 cpwl=SORRY_NE relun=SORRY depth=PROVED statement=SORRY
/Users/panda/Desktop/Lean/quick-test/harness/BridgeAll.lean:16622:36: error: linarith failed to find a contradiction
case refine_2.«0».h.mp
f : (Fin 1 → ℝ) → ℝ := fun x => max 0 (x 0)
hf : f = fun x => max 0 (x 0)
hEq : Agent046.CPWL 1 = Agent047.CPWL 1
x : Fin 1 → ℝ
h : x ∈ ![{x | x 0 ≤ 0}, {x | 0 ≤ x 0}] ⟨0, ⋯⟩
⊢ False
failed
/Users/panda/Desktop/Lean/quick-test/harness/BridgeAll.lean:16622:36: error: linarith failed to find a contradiction
case refine_2.«0».h.mpr
f : (Fin 1 → ℝ) → ℝ := fun x => max 0 (x 0)
hf : f = fun x => max 0 (x 0)
hEq : Agent046.CPWL 1 = Agent047.CPWL 1
x : Fin 1 → ℝ
h : ∀ (i : Fin 1), 1 * x 0 ≤ 0
⊢ False
failed
/Users/panda/Desktop/Lean/quick-test/harness/BridgeAll.lean:16625:36: error: linarith failed to find a contradiction
case refine_2.«1».h.mp
f : (Fin 1 → ℝ) → ℝ := fun x => max 0 (x 0)
hf : f = fun x => max 0 (x 0)
hEq : Agent046.CPWL 1 = Agent047.CPWL 1
x : Fin 1 → ℝ
h : x ∈ ![{x | x 0 ≤ 0}, {x | 0 ≤ x 0}] ⟨1, ⋯⟩
⊢ False
failed
/Users/panda/Desktop/Lean/quick-test/harness/BridgeAll.lean:16625:36: error: linarith failed to find a contradiction
case refine_2.«1».h.mpr
f : (Fin 1 → ℝ) → ℝ := fun x => max 0 (x 0)
hf : f = fun x => max 0 (x 0)
hEq : Agent046.CPWL 1 = Agent047.CPWL 1
x : Fin 1 → ℝ
h : ∀ (i : Fin 1), -1 * x 0 ≤ 0
⊢ False
failed
/Users/panda/Desktop/Lean/quick-test/harness/BridgeAll.lean:16635:30: error: Application type mismatch: The argument
  hx
has type
  x ∈ ![{x | x 0 ≤ 0}, {x | 0 ≤ x 0}] ⟨0, ⋯⟩
but is expected to have type
  ?m.992 ≤ ?m.991
in the application
  max_eq_left hx
/Users/panda/Desktop/Lean/quick-test/harness/BridgeAll.lean:16633:6: error: unsolved goals
case refine_4.«0»
f : (Fin 1 → ℝ) → ℝ := fun x => max 0 (x 0)
hf : f = fun x => max 0 (x 0)
hEq : Agent046.CPWL 1 = Agent047.CPWL 1
x : Fin 1 → ℝ
hx : x ∈ ![{x | x 0 ≤ 0}, {x | 0 ≤ x 0}] ⟨0, ⋯⟩
⊢ x 0 ≤ 0
/Users/panda/Desktop/Lean/quick-test/harness/BridgeAll.lean:16638:31: error: Application type mismatch: The argument
  hx
has type
  x ∈ ![{x | x 0 ≤ 0}, {x | 0 ≤ x 0}] ⟨1, ⋯⟩
but is expected to have type
  ?m.998 ≤ ?m.999
in the application
  max_eq_right hx
/Users/panda/Desktop/Lean/quick-test/harness/BridgeAll.lean:16636:6: error: unsolved goals
case refine_4.«1»
f : (Fin 1 → ℝ) → ℝ := fun x => max 0 (x 0)
hf : f = fun x => max 0 (x 0)
hEq : Agent046.CPWL 1 = Agent047.CPWL 1
x : Fin 1 → ℝ
hx : x ∈ ![{x | x 0 ≤ 0}, {x | 0 ≤ x 0}] ⟨1, ⋯⟩
⊢ 0 ≤ x 0
/Users/panda/Desktop/Lean/quick-test/harness/BridgeAll.lean:16617:48: warning: This simp argument is unused:
  Fin.sum_univ_one

Hint: Omit it from the simp argument list.
  simp ̵[̵F̵i̵n̵.̵s̵u̵m̵_̵u̵n̵i̵v̵_̵o̵n̵e̵]̵

Note: This linter can be disabled with `set_option linter.unusedSimpArgs false`
/Users/panda/Desktop/Lean/quick-test/harness/BridgeAll.lean:16634:19: warning: This simp argument is unused:
  Matrix.cons_val_zero

Hint: Omit it from the simp argument list.
  simp only [M̵a̵t̵r̵i̵x̵.̵c̵o̵n̵s̵_̵v̵a̵l̵_̵z̵e̵r̵o̵,̵ ̵Set.mem_setOf_eq] at hx ⊢

Note: This linter can be disabled with `set_option linter.unusedSimpArgs false`
/Users/panda/Desktop/Lean/quick-test/harness/BridgeAll.lean:16634:41: warning: This simp argument is unused:
  Set.mem_setOf_eq

Hint: Omit it from the simp argument list.
  simp only [Matrix.cons_val_zero,̵ ̵S̵e̵t̵.̵m̵e̵m̵_̵s̵e̵t̵O̵f̵_̵e̵q̵] at hx ⊢

Note: This linter can be disabled with `set_option linter.unusedSimpArgs false`
/Users/panda/Desktop/Lean/quick-test/harness/BridgeAll.lean:16637:19: warning: This simp argument is unused:
  Matrix.cons_val_one

Hint: Omit it from the simp argument list.
  simp only [Matrix.c̵o̵n̵s̵_̵v̵a̵l̵_̵o̵n̵e̵,̵ ̵M̵a̵t̵r̵i̵x̵.̵head_cons, Set.mem_setOf_eq] at hx ⊢

Note: This linter can be disabled with `set_option linter.unusedSimpArgs false`
/Users/panda/Desktop/Lean/quick-test/harness/BridgeAll.lean:16637:40: warning: This simp argument is unused:
  Matrix.head_cons

Hint: Omit it from the simp argument list.
  simp only [Matrix.cons_val_one, M̵a̵t̵r̵i̵x̵.̵h̵e̵a̵d̵_̵c̵o̵n̵s̵,̵ ̵Set.mem_setOf_eq] at hx ⊢

Note: This linter can be disabled with `set_option linter.unusedSimpArgs false`
/Users/panda/Desktop/Lean/quick-test/harness/BridgeAll.lean:16637:58: warning: This simp argument is unused:
  Set.mem_setOf_eq

Hint: Omit it from the simp argument list.
  simp only [Matrix.cons_val_one, Matrix.head_cons,̵ ̵S̵e̵t̵.̵m̵e̵m̵_̵s̵e̵t̵O̵f̵_̵e̵q̵] at hx ⊢

Note: This linter can be disabled with `set_option linter.unusedSimpArgs false`
/Users/panda/Desktop/Lean/quick-test/harness/BridgeAll.lean:16675:8: warning: declaration uses 'sorry'
/Users/panda/Desktop/Lean/quick-test/harness/BridgeAll.lean:16679:23: warning: unused variable `hn`

Note: This linter can be disabled with `set_option linter.unusedVariables false`
/Users/panda/Desktop/Lean/quick-test/harness/BridgeAll.lean:16686:8: warning: declaration uses 'sorry'
@@BRIDGE Bridge_046_047 cpwl=SORRY_NE relun=SORRY depth=PROVED statement=SORRY
/Users/panda/Desktop/Lean/quick-test/harness/BridgeAll.lean:16735:23: warning: unused variable `hn`

Note: This linter can be disabled with `set_option linter.unusedVariables false`
/Users/panda/Desktop/Lean/quick-test/harness/BridgeAll.lean:16749:8: warning: declaration uses 'sorry'
/Users/panda/Desktop/Lean/quick-test/harness/BridgeAll.lean:16757:8: warning: declaration uses 'sorry'
@@BRIDGE Bridge_047_048 cpwl=PROVED relun=SORRY depth=PROVED statement=SORRY
/Users/panda/Desktop/Lean/quick-test/harness/BridgeAll.lean:16791:35: error(lean.invalidField): Invalid field `mulVec`: The environment does not contain `Function.mulVec`, so it is not possible to project the field `mulVec` from an expression
  fun x x_1 => -1
of type `(x : ?m.346) → ?m.352 x → ℝ`
/Users/panda/Desktop/Lean/quick-test/harness/BridgeAll.lean:16792:31: error(lean.unknownIdentifier): Unknown constant `Matrix.dotProduct`
/Users/panda/Desktop/Lean/quick-test/harness/BridgeAll.lean:16791:56: error: unsolved goals
x : Fin 1 → ℝ
h : x ∈ ![{x | 0 ≤ x 0}, {x | x 0 ≤ 0}] ⟨0, ⋯⟩
j : Fin 1
⊢ sorry () = -x 0
/Users/panda/Desktop/Lean/quick-test/harness/BridgeAll.lean:16796:35: error(lean.invalidField): Invalid field `mulVec`: The environment does not contain `Function.mulVec`, so it is not possible to project the field `mulVec` from an expression
  fun x x_1 => -1
of type `(x : ?m.371) → ?m.377 x → ℝ`
/Users/panda/Desktop/Lean/quick-test/harness/BridgeAll.lean:16797:31: error(lean.unknownIdentifier): Unknown constant `Matrix.dotProduct`
/Users/panda/Desktop/Lean/quick-test/harness/BridgeAll.lean:16796:56: error: unsolved goals
x : Fin 1 → ℝ
h : ∀ (i : Fin 1), Matrix.mulVec (fun x x_1 => -1) x i ≤ 0
h0 : Matrix.mulVec (fun x x_1 => -1) x 0 ≤ 0
⊢ sorry () = -x 0
/Users/panda/Desktop/Lean/quick-test/harness/BridgeAll.lean:16804:34: error(lean.invalidField): Invalid field `mulVec`: The environment does not contain `Function.mulVec`, so it is not possible to project the field `mulVec` from an expression
  fun x x_1 => 1
of type `(x : ?m.420) → ?m.424 x → ℝ`
/Users/panda/Desktop/Lean/quick-test/harness/BridgeAll.lean:16805:31: error(lean.unknownIdentifier): Unknown constant `Matrix.dotProduct`
/Users/panda/Desktop/Lean/quick-test/harness/BridgeAll.lean:16804:54: error: unsolved goals
x : Fin 1 → ℝ
h : x ∈ ![{x | 0 ≤ x 0}, {x | x 0 ≤ 0}] ⟨1, ⋯⟩
j : Fin 1
⊢ sorry () = x 0
/Users/panda/Desktop/Lean/quick-test/harness/BridgeAll.lean:16809:34: error(lean.invalidField): Invalid field `mulVec`: The environment does not contain `Function.mulVec`, so it is not possible to project the field `mulVec` from an expression
  fun x x_1 => 1
of type `(x : ?m.440) → ?m.444 x → ℝ`
/Users/panda/Desktop/Lean/quick-test/harness/BridgeAll.lean:16810:31: error(lean.unknownIdentifier): Unknown constant `Matrix.dotProduct`
/Users/panda/Desktop/Lean/quick-test/harness/BridgeAll.lean:16809:54: error: unsolved goals
x : Fin 1 → ℝ
h : ∀ (i : Fin 1), Matrix.mulVec (fun x x_1 => 1) x i ≤ 0
h0 : Matrix.mulVec (fun x x_1 => 1) x 0 ≤ 0
⊢ sorry () = x 0
/Users/panda/Desktop/Lean/quick-test/harness/BridgeAll.lean:16817:88: error: linarith failed to find a contradiction
x : Fin 1 → ℝ
h : x 0 ≤ 0
⊢ False
failed
/Users/panda/Desktop/Lean/quick-test/harness/BridgeAll.lean:16788:35: warning: This simp argument is unused:
  Matrix.cons_val_zero

Hint: Omit it from the simp argument list.
  simp only [Set.mem_setOf_eq,̵ ̵M̵a̵t̵r̵i̵x̵.̵c̵o̵n̵s̵_̵v̵a̵l̵_̵z̵e̵r̵o̵]

Note: This linter can be disabled with `set_option linter.unusedSimpArgs false`
/Users/panda/Desktop/Lean/quick-test/harness/BridgeAll.lean:16792:16: warning: This simp argument is unused:
  Matrix.mulVec

Hint: Omit it from the simp argument list.
  simp [Matrix.m̵u̵l̵V̵e̵c̵,̵ ̵M̵a̵t̵r̵i̵x̵.̵dotProduct, Fin.sum_univ_one]

Note: This linter can be disabled with `set_option linter.unusedSimpArgs false`
/Users/panda/Desktop/Lean/quick-test/harness/BridgeAll.lean:16792:50: warning: This simp argument is unused:
  Fin.sum_univ_one

Hint: Omit it from the simp argument list.
  simp [Matrix.mulVec, Matrix.dotProduct,̵ ̵F̵i̵n̵.̵s̵u̵m̵_̵u̵n̵i̵v̵_̵o̵n̵e̵]

Note: This linter can be disabled with `set_option linter.unusedSimpArgs false`
/Users/panda/Desktop/Lean/quick-test/harness/BridgeAll.lean:16797:16: warning: This simp argument is unused:
  Matrix.mulVec

Hint: Omit it from the simp argument list.
  simp [Matrix.m̵u̵l̵V̵e̵c̵,̵ ̵M̵a̵t̵r̵i̵x̵.̵dotProduct, Fin.sum_univ_one]

Note: This linter can be disabled with `set_option linter.unusedSimpArgs false`
/Users/panda/Desktop/Lean/quick-test/harness/BridgeAll.lean:16797:50: warning: This simp argument is unused:
  Fin.sum_univ_one

Hint: Omit it from the simp argument list.
  simp [Matrix.mulVec, Matrix.dotProduct,̵ ̵F̵i̵n̵.̵s̵u̵m̵_̵u̵n̵i̵v̵_̵o̵n̵e̵]

Note: This linter can be disabled with `set_option linter.unusedSimpArgs false`
/Users/panda/Desktop/Lean/quick-test/harness/BridgeAll.lean:16801:35: warning: This simp argument is unused:
  Matrix.cons_val_one

Hint: Omit it from the simp argument list.
  simp only [Set.mem_setOf_eq, Matrix.c̵o̵n̵s̵_̵v̵a̵l̵_̵o̵n̵e̵,̵ ̵M̵a̵t̵r̵i̵x̵.̵head_cons]

Note: This linter can be disabled with `set_option linter.unusedSimpArgs false`
/Users/panda/Desktop/Lean/quick-test/harness/BridgeAll.lean:16801:56: warning: This simp argument is unused:
  Matrix.head_cons

Hint: Omit it from the simp argument list.
  simp only [Set.mem_setOf_eq, Matrix.cons_val_one,̵ ̵M̵a̵t̵r̵i̵x̵.̵h̵e̵a̵d̵_̵c̵o̵n̵s̵]

Note: This linter can be disabled with `set_option linter.unusedSimpArgs false`
/Users/panda/Desktop/Lean/quick-test/harness/BridgeAll.lean:16805:16: warning: This simp argument is unused:
  Matrix.mulVec

Hint: Omit it from the simp argument list.
  simp [Matrix.m̵u̵l̵V̵e̵c̵,̵ ̵M̵a̵t̵r̵i̵x̵.̵dotProduct, Fin.sum_univ_one]

Note: This linter can be disabled with `set_option linter.unusedSimpArgs false`
/Users/panda/Desktop/Lean/quick-test/harness/BridgeAll.lean:16805:50: warning: This simp argument is unused:
  Fin.sum_univ_one

Hint: Omit it from the simp argument list.
  simp [Matrix.mulVec, Matrix.dotProduct,̵ ̵F̵i̵n̵.̵s̵u̵m̵_̵u̵n̵i̵v̵_̵o̵n̵e̵]

Note: This linter can be disabled with `set_option linter.unusedSimpArgs false`
/Users/panda/Desktop/Lean/quick-test/harness/BridgeAll.lean:16810:16: warning: This simp argument is unused:
  Matrix.mulVec

Hint: Omit it from the simp argument list.
  simp [Matrix.m̵u̵l̵V̵e̵c̵,̵ ̵M̵a̵t̵r̵i̵x̵.̵dotProduct, Fin.sum_univ_one]

Note: This linter can be disabled with `set_option linter.unusedSimpArgs false`
/Users/panda/Desktop/Lean/quick-test/harness/BridgeAll.lean:16810:50: warning: This simp argument is unused:
  Fin.sum_univ_one

Hint: Omit it from the simp argument list.
  simp [Matrix.mulVec, Matrix.dotProduct,̵ ̵F̵i̵n̵.̵s̵u̵m̵_̵u̵n̵i̵v̵_̵o̵n̵e̵]

Note: This linter can be disabled with `set_option linter.unusedSimpArgs false`
/Users/panda/Desktop/Lean/quick-test/harness/BridgeAll.lean:16817:51: warning: This simp argument is unused:
  Matrix.head_cons

Hint: Omit it from the simp argument list.
  simp only [Matrix.cons_val_one, M̵a̵t̵r̵i̵x̵.̵h̵e̵a̵d̵_̵c̵o̵n̵s̵,̵ ̵Set.mem_setOf_eq]

Note: This linter can be disabled with `set_option linter.unusedSimpArgs false`
/Users/panda/Desktop/Lean/quick-test/harness/BridgeAll.lean:16817:69: warning: This simp argument is unused:
  Set.mem_setOf_eq

Hint: Omit it from the simp argument list.
  simp only [Matrix.cons_val_one, Matrix.head_cons,̵ ̵S̵e̵t̵.̵m̵e̵m̵_̵s̵e̵t̵O̵f̵_̵e̵q̵]

Note: This linter can be disabled with `set_option linter.unusedSimpArgs false`
/Users/panda/Desktop/Lean/quick-test/harness/BridgeAll.lean:16820:63: warning: This simp argument is unused:
  Fin.sum_univ_one

Hint: Omit it from the simp argument list.
  simp ̵[̵F̵i̵n̵.̵s̵u̵m̵_̵u̵n̵i̵v̵_̵o̵n̵e̵]̵

Note: This linter can be disabled with `set_option linter.unusedSimpArgs false`
/Users/panda/Desktop/Lean/quick-test/harness/BridgeAll.lean:16822:17: warning: This simp argument is unused:
  Matrix.cons_val_zero

Hint: Omit it from the simp argument list.
  simp only [M̵a̵t̵r̵i̵x̵.̵c̵o̵n̵s̵_̵v̵a̵l̵_̵z̵e̵r̵o̵,̵ ̵Set.mem_setOf_eq] at hx

Note: This linter can be disabled with `set_option linter.unusedSimpArgs false`
/Users/panda/Desktop/Lean/quick-test/harness/BridgeAll.lean:16822:39: warning: This simp argument is unused:
  Set.mem_setOf_eq

Hint: Omit it from the simp argument list.
  simp only [Matrix.cons_val_zero,̵ ̵S̵e̵t̵.̵m̵e̵m̵_̵s̵e̵t̵O̵f̵_̵e̵q̵] at hx

Note: This linter can be disabled with `set_option linter.unusedSimpArgs false`
/Users/panda/Desktop/Lean/quick-test/harness/BridgeAll.lean:16826:17: warning: This simp argument is unused:
  Matrix.cons_val_one

Hint: Omit it from the simp argument list.
  simp only [Matrix.c̵o̵n̵s̵_̵v̵a̵l̵_̵o̵n̵e̵,̵ ̵M̵a̵t̵r̵i̵x̵.̵head_cons, Set.mem_setOf_eq] at hx

Note: This linter can be disabled with `set_option linter.unusedSimpArgs false`
/Users/panda/Desktop/Lean/quick-test/harness/BridgeAll.lean:16826:38: warning: This simp argument is unused:
  Matrix.head_cons

Hint: Omit it from the simp argument list.
  simp only [Matrix.cons_val_one, M̵a̵t̵r̵i̵x̵.̵h̵e̵a̵d̵_̵c̵o̵n̵s̵,̵ ̵Set.mem_setOf_eq] at hx

Note: This linter can be disabled with `set_option linter.unusedSimpArgs false`
/Users/panda/Desktop/Lean/quick-test/harness/BridgeAll.lean:16826:56: warning: This simp argument is unused:
  Set.mem_setOf_eq

Hint: Omit it from the simp argument list.
  simp only [Matrix.cons_val_one, Matrix.head_cons,̵ ̵S̵e̵t̵.̵m̵e̵m̵_̵s̵e̵t̵O̵f̵_̵e̵q̵] at hx

Note: This linter can be disabled with `set_option linter.unusedSimpArgs false`
/Users/panda/Desktop/Lean/quick-test/harness/BridgeAll.lean:16872:48: error(lean.unknownIdentifier): Unknown constant `Matrix.dotProduct`
/Users/panda/Desktop/Lean/quick-test/harness/BridgeAll.lean:16870:37: error: unsolved goals
case h
a b : ℕ
T : Agent048.AffineMap a b
x : Fin a → ℝ
i : Fin b
⊢ ∑ j, T.A i j * x j = (fun j => T.A i j) ⬝ᵥ x
/Users/panda/Desktop/Lean/quick-test/harness/BridgeAll.lean:16889:27: error(lean.unknownIdentifier): Unknown constant `Matrix.dotProduct`
/Users/panda/Desktop/Lean/quick-test/harness/BridgeAll.lean:16885:4: error: unsolved goals
case zero.mp.h
n : ℕ
f : (Fin n → ℝ) → ℝ
T : Agent048.AffineMap n 1
hT : ∀ (x : Fin n → ℝ), f x = T.eval x 0
x : Fin n → ℝ
⊢ (fun j => T.A 0 j) ⬝ᵥ x = ∑ i, T.A 0 i * x i
/Users/panda/Desktop/Lean/quick-test/harness/BridgeAll.lean:16920:23: warning: unused variable `hn`

Note: This linter can be disabled with `set_option linter.unusedVariables false`
/Users/panda/Desktop/Lean/quick-test/harness/BridgeAll.lean:16937:8: warning: declaration uses 'sorry'
@@BRIDGE Bridge_048_049 cpwl=SORRY_NE relun=SORRY depth=PROVED statement=SORRY
/Users/panda/Desktop/Lean/quick-test/harness/BridgeAll.lean:17024:65: error: unsolved goals
n : ℕ
f : (Fin n → ℝ) → ℝ
a : Fin n → ℝ
b : ℝ
hf : f = fun x => ∑ i, a i * x i + b
⊢ (fun x => ∑ i, a i * x i + b) = (Agent050.ReLUNet.last { A := fun x j => a j, c := fun x => b }).eval
/Users/panda/Desktop/Lean/quick-test/harness/BridgeAll.lean:17027:39: error: unsolved goals
n : ℕ
f : (Fin n → ℝ) → ℝ
T : Agent050.AffMap n 1
hf : f = (Agent050.ReLUNet.last T).eval
⊢ (Agent050.ReLUNet.last T).eval = fun x => ∑ i, T.A 0 i * x i + T.c 0
/Users/panda/Desktop/Lean/quick-test/harness/BridgeAll.lean:17059:23: warning: unused variable `hn`

Note: This linter can be disabled with `set_option linter.unusedVariables false`
@@BRIDGE Bridge_049_050 cpwl=PROVED relun=SORRY depth=PROVED statement=SORRY
/Users/panda/Desktop/Lean/quick-test/harness/BridgeAll.lean:17128:26: error: Application type mismatch: The argument
  hx
has type
  x ∈ ![{x | x 0 ≤ 0}, {x | 0 ≤ x 0}] ⟨0, ⋯⟩
but is expected to have type
  ?m.1075 ≤ ?m.1074
in the application
  max_eq_left hx
/Users/panda/Desktop/Lean/quick-test/harness/BridgeAll.lean:17126:6: error: unsolved goals
case refine_4.«0»
hP0 : Agent050.IsPolyhedron {x | x 0 ≤ 0}
hP1 : Agent050.IsPolyhedron {x | 0 ≤ x 0}
hg0 : Agent050.IsAffineFun fun x => 0
hg1 : Agent050.IsAffineFun fun x => x 0
x : Fin 1 → ℝ
hx : x ∈ ![{x | x 0 ≤ 0}, {x | 0 ≤ x 0}] ⟨0, ⋯⟩
⊢ x 0 ≤ 0
/Users/panda/Desktop/Lean/quick-test/harness/BridgeAll.lean:17131:27: error: Application type mismatch: The argument
  hx
has type
  x ∈ ![{x | x 0 ≤ 0}, {x | 0 ≤ x 0}] ⟨1, ⋯⟩
but is expected to have type
  ?m.1081 ≤ ?m.1082
in the application
  max_eq_right hx
/Users/panda/Desktop/Lean/quick-test/harness/BridgeAll.lean:17129:6: error: unsolved goals
case refine_4.«1»
hP0 : Agent050.IsPolyhedron {x | x 0 ≤ 0}
hP1 : Agent050.IsPolyhedron {x | 0 ≤ x 0}
hg0 : Agent050.IsAffineFun fun x => 0
hg1 : Agent050.IsAffineFun fun x => x 0
x : Fin 1 → ℝ
hx : x ∈ ![{x | x 0 ≤ 0}, {x | 0 ≤ x 0}] ⟨1, ⋯⟩
⊢ 0 ≤ x 0
/Users/panda/Desktop/Lean/quick-test/harness/BridgeAll.lean:17146:6: error: `dsimp` made no progress
/Users/panda/Desktop/Lean/quick-test/harness/BridgeAll.lean:17153:6: error: `dsimp` made no progress
/Users/panda/Desktop/Lean/quick-test/harness/BridgeAll.lean:17109:38: warning: This simp argument is unused:
  Fin.sum_univ_one

Hint: Omit it from the simp argument list.
  simp ̵[̵F̵i̵n̵.̵s̵u̵m̵_̵u̵n̵i̵v̵_̵o̵n̵e̵]̵

Note: This linter can be disabled with `set_option linter.unusedSimpArgs false`
/Users/panda/Desktop/Lean/quick-test/harness/BridgeAll.lean:17127:19: warning: This simp argument is unused:
  Matrix.cons_val_zero

Hint: Omit it from the simp argument list.
  simp only [M̵a̵t̵r̵i̵x̵.̵c̵o̵n̵s̵_̵v̵a̵l̵_̵z̵e̵r̵o̵,̵ ̵Set.mem_setOf_eq] at hx ⊢

Note: This linter can be disabled with `set_option linter.unusedSimpArgs false`
/Users/panda/Desktop/Lean/quick-test/harness/BridgeAll.lean:17127:41: warning: This simp argument is unused:
  Set.mem_setOf_eq

Hint: Omit it from the simp argument list.
  simp only [Matrix.cons_val_zero,̵ ̵S̵e̵t̵.̵m̵e̵m̵_̵s̵e̵t̵O̵f̵_̵e̵q̵] at hx ⊢

Note: This linter can be disabled with `set_option linter.unusedSimpArgs false`
/Users/panda/Desktop/Lean/quick-test/harness/BridgeAll.lean:17130:19: warning: This simp argument is unused:
  Matrix.cons_val_one

Hint: Omit it from the simp argument list.
  simp only [Matrix.c̵o̵n̵s̵_̵v̵a̵l̵_̵o̵n̵e̵,̵ ̵M̵a̵t̵r̵i̵x̵.̵head_cons, Set.mem_setOf_eq] at hx ⊢

Note: This linter can be disabled with `set_option linter.unusedSimpArgs false`
/Users/panda/Desktop/Lean/quick-test/harness/BridgeAll.lean:17130:40: warning: This simp argument is unused:
  Matrix.head_cons

Hint: Omit it from the simp argument list.
  simp only [Matrix.cons_val_one, M̵a̵t̵r̵i̵x̵.̵h̵e̵a̵d̵_̵c̵o̵n̵s̵,̵ ̵Set.mem_setOf_eq] at hx ⊢

Note: This linter can be disabled with `set_option linter.unusedSimpArgs false`
/Users/panda/Desktop/Lean/quick-test/harness/BridgeAll.lean:17130:58: warning: This simp argument is unused:
  Set.mem_setOf_eq

Hint: Omit it from the simp argument list.
  simp only [Matrix.cons_val_one, Matrix.head_cons,̵ ̵S̵e̵t̵.̵m̵e̵m̵_̵s̵e̵t̵O̵f̵_̵e̵q̵] at hx ⊢

Note: This linter can be disabled with `set_option linter.unusedSimpArgs false`
/Users/panda/Desktop/Lean/quick-test/harness/BridgeAll.lean:17176:8: warning: declaration uses 'sorry'
/Users/panda/Desktop/Lean/quick-test/harness/BridgeAll.lean:17194:8: warning: declaration uses 'sorry'
@@BRIDGE Bridge_050_051 cpwl=SORRY_NE relun=SORRY depth=PROVED statement=SORRY
/Users/panda/Desktop/Lean/quick-test/harness/BridgeAll.lean:17280:8: warning: This simp argument is unused:
  Fin.sum_univ_one

Hint: Omit it from the simp argument list.
  simp ̵[̵F̵i̵n̵.̵s̵u̵m̵_̵u̵n̵i̵v̵_̵o̵n̵e̵]̵

Note: This linter can be disabled with `set_option linter.unusedSimpArgs false`
/Users/panda/Desktop/Lean/quick-test/harness/BridgeAll.lean:17298:10: error: Tactic `rewrite` failed: Did not find an occurrence of the pattern
  H052 0
in the target expression
  x ∈ Agent052.Polyhedron (H052 ((fun i => i) ⟨0, ⋯⟩))

case refine_2.«0»
x : Fin 1 → ℝ
hx : x ∈ Agent052.Polyhedron (H052 ((fun i => i) ⟨0, ⋯⟩))
hH : H052 0 = fun x => hs1
⊢ kink x = (g052 ((fun i => i) ⟨0, ⋯⟩)).eval x 0
/Users/panda/Desktop/Lean/quick-test/harness/BridgeAll.lean:17307:10: error: Tactic `rewrite` failed: Did not find an occurrence of the pattern
  H052 1
in the target expression
  x ∈ Agent052.Polyhedron (H052 ((fun i => i) ⟨1, ⋯⟩))

case refine_2.«1»
x : Fin 1 → ℝ
hx : x ∈ Agent052.Polyhedron (H052 ((fun i => i) ⟨1, ⋯⟩))
hH : H052 1 = fun x => hs2
⊢ kink x = (g052 ((fun i => i) ⟨1, ⋯⟩)).eval x 0
/Users/panda/Desktop/Lean/quick-test/harness/BridgeAll.lean:17343:8: warning: declaration uses 'sorry'
/Users/panda/Desktop/Lean/quick-test/harness/BridgeAll.lean:17357:8: warning: declaration uses 'sorry'
@@BRIDGE Bridge_051_052 cpwl=SORRY_NE relun=SORRY depth=PROVED statement=SORRY
/Users/panda/Desktop/Lean/quick-test/harness/BridgeAll.lean:17399:23: warning: unused variable `hn`

Note: This linter can be disabled with `set_option linter.unusedVariables false`
/Users/panda/Desktop/Lean/quick-test/harness/BridgeAll.lean:17423:11: error(lean.unknownIdentifier): Unknown identifier `le_or_lt`
/Users/panda/Desktop/Lean/quick-test/harness/BridgeAll.lean:17423:33: error: Tactic `rcases` failed: `x✝ : ?m.91` is not an inductive datatype
/Users/panda/Desktop/Lean/quick-test/harness/BridgeAll.lean:17430:48: error: linarith failed to find a contradiction
case h
x : Fin 1 → ℝ
hx :
  ∀ (i : Fin 1),
    (![fun x => { a := fun x => 1, b := 0 }, fun x => { a := fun x => -1, b := 0 }] ⟨0, ⋯⟩ i).a 0 * x 0 ≤
      (![fun x => { a := fun x => 1, b := 0 }, fun x => { a := fun x => -1, b := 0 }] ⟨0, ⋯⟩ i).b
h0 :
  (![fun x => { a := fun x => 1, b := 0 }, fun x => { a := fun x => -1, b := 0 }] ⟨0, ⋯⟩ 0).a 0 * x 0 ≤
    (![fun x => { a := fun x => 1, b := 0 }, fun x => { a := fun x => -1, b := 0 }] ⟨0, ⋯⟩ 0).b
a✝ : 0 < x 0
⊢ False
failed
/Users/panda/Desktop/Lean/quick-test/harness/BridgeAll.lean:17432:6: error: linarith failed to find a contradiction
case refine_2.«0».h1.h
x : Fin 1 → ℝ
hx :
  ∀ (i : Fin 1),
    (![fun x => { a := fun x => 1, b := 0 }, fun x => { a := fun x => -1, b := 0 }] ⟨0, ⋯⟩ i).a 0 * x 0 ≤
      (![fun x => { a := fun x => 1, b := 0 }, fun x => { a := fun x => -1, b := 0 }] ⟨0, ⋯⟩ i).b
hx0 : x 0 ≤ 0
a✝ :
  max 0 (x 0) <
    (![{ A := fun x x_1 => 0, c := fun x => 0 }, { A := fun x x_1 => 1, c := fun x => 0 }] ⟨0, ⋯⟩).A 0 0 * x 0 +
      (![{ A := fun x x_1 => 0, c := fun x => 0 }, { A := fun x x_1 => 1, c := fun x => 0 }] ⟨0, ⋯⟩).c 0
⊢ False
failed
/Users/panda/Desktop/Lean/quick-test/harness/BridgeAll.lean:17435:48: error: linarith failed to find a contradiction
case h
x : Fin 1 → ℝ
hx :
  ∀ (i : Fin 1),
    (![fun x => { a := fun x => 1, b := 0 }, fun x => { a := fun x => -1, b := 0 }] ⟨1, ⋯⟩ i).a 0 * x 0 ≤
      (![fun x => { a := fun x => 1, b := 0 }, fun x => { a := fun x => -1, b := 0 }] ⟨1, ⋯⟩ i).b
h0 :
  (![fun x => { a := fun x => 1, b := 0 }, fun x => { a := fun x => -1, b := 0 }] ⟨1, ⋯⟩ 0).a 0 * x 0 ≤
    (![fun x => { a := fun x => 1, b := 0 }, fun x => { a := fun x => -1, b := 0 }] ⟨1, ⋯⟩ 0).b
a✝ : x 0 < 0
⊢ False
failed
/Users/panda/Desktop/Lean/quick-test/harness/BridgeAll.lean:17438:6: error: linarith failed to find a contradiction
case refine_2.«1».h1.h
x : Fin 1 → ℝ
hx :
  ∀ (i : Fin 1),
    (![fun x => { a := fun x => 1, b := 0 }, fun x => { a := fun x => -1, b := 0 }] ⟨1, ⋯⟩ i).a 0 * x 0 ≤
      (![fun x => { a := fun x => 1, b := 0 }, fun x => { a := fun x => -1, b := 0 }] ⟨1, ⋯⟩ i).b
hx0 : 0 ≤ x 0
a✝ :
  max 0 (x 0) <
    (![{ A := fun x x_1 => 0, c := fun x => 0 }, { A := fun x x_1 => 1, c := fun x => 0 }] ⟨1, ⋯⟩).A 0 0 * x 0 +
      (![{ A := fun x x_1 => 0, c := fun x => 0 }, { A := fun x x_1 => 1, c := fun x => 0 }] ⟨1, ⋯⟩).c 0
⊢ False
failed
/Users/panda/Desktop/Lean/quick-test/harness/BridgeAll.lean:17428:17: warning: This simp argument is unused:
  Matrix.cons_val_zero

Hint: Omit it from the simp argument list.
  simp only [̵M̵a̵t̵r̵i̵x̵.̵c̵o̵n̵s̵_̵v̵a̵l̵_̵z̵e̵r̵o̵,̵ ̵A̵g̵e̵n̵t̵0̵5̵2̵.̵P̵o̵l̵y̵h̵e̵d̵r̵o̵n̵,̵[̲A̲g̲e̲n̲t̲0̲5̲2̲.̲P̲o̲l̲y̲h̲e̲d̲r̲o̲n̲,̲ Set.mem_iInter, Agent052.Halfspace.set, Set.mem_setOf_eq,
  ̲  ̲ ̲ ̲ ̲ ̲Fin.sum_univ_one] at hx

Note: This linter can be disabled with `set_option linter.unusedSimpArgs false`
/Users/panda/Desktop/Lean/quick-test/harness/BridgeAll.lean:17431:17: warning: This simp argument is unused:
  Matrix.cons_val_zero

Hint: Omit it from the simp argument list.
  simp only [M̵a̵t̵r̵i̵x̵.̵c̵o̵n̵s̵_̵v̵a̵l̵_̵z̵e̵r̵o̵,̵ ̵kink, Agent052.AffMap.eval, Fin.sum_univ_one]

Note: This linter can be disabled with `set_option linter.unusedSimpArgs false`
/Users/panda/Desktop/Lean/quick-test/harness/BridgeAll.lean:17433:17: warning: This simp argument is unused:
  Matrix.cons_val_one

Hint: Omit it from the simp argument list.
  simp only [̵M̵a̵t̵r̵i̵x̵.̵c̵o̵n̵s̵_̵v̵a̵l̵_̵o̵n̵e̵,̵ ̵M̵a̵t̵r̵i̵x̵.̵h̵e̵a̵d̵_̵c̵o̵n̵s̵,̵[̲M̲a̲t̲r̲i̲x̲.̲h̲e̲a̲d̲_̲c̲o̲n̲s̲,̲ Agent052.Polyhedron, Set.mem_iInter, Agent052.Halfspace.set,
  ̲  ̲ ̲ ̲ ̲ ̲Set.mem_setOf_eq, Fin.sum_univ_one] at hx

Note: This linter can be disabled with `set_option linter.unusedSimpArgs false`
/Users/panda/Desktop/Lean/quick-test/harness/BridgeAll.lean:17433:38: warning: This simp argument is unused:
  Matrix.head_cons

Hint: Omit it from the simp argument list.
  simp only [Matrix.cons_val_one, M̵a̵t̵r̵i̵x̵.̵h̵e̵a̵d̵_̵c̵o̵n̵s̵,̵ ̵Agent052.Polyhedron, Set.mem_iInter, Agent052.Halfspace.set,
  ̲  ̲ ̲ ̲ ̲ ̲Set.mem_setOf_eq, Fin.sum_univ_one] at hx

Note: This linter can be disabled with `set_option linter.unusedSimpArgs false`
/Users/panda/Desktop/Lean/quick-test/harness/BridgeAll.lean:17436:17: warning: This simp argument is unused:
  Matrix.cons_val_one

Hint: Omit it from the simp argument list.
  simp only [̵M̵a̵t̵r̵i̵x̵.̵c̵o̵n̵s̵_̵v̵a̵l̵_̵o̵n̵e̵,̵ ̵M̵a̵t̵r̵i̵x̵.̵h̵e̵a̵d̵_̵c̵o̵n̵s̵,̵[̲M̲a̲t̲r̲i̲x̲.̲h̲e̲a̲d̲_̲c̲o̲n̲s̲,̲ kink, Agent052.AffMap.eval, Fin.sum_univ_one]

Note: This linter can be disabled with `set_option linter.unusedSimpArgs false`
/Users/panda/Desktop/Lean/quick-test/harness/BridgeAll.lean:17436:38: warning: This simp argument is unused:
  Matrix.head_cons

Hint: Omit it from the simp argument list.
  simp only [Matrix.cons_val_one, M̵a̵t̵r̵i̵x̵.̵h̵e̵a̵d̵_̵c̵o̵n̵s̵,̵ ̵kink, Agent052.AffMap.eval, Fin.sum_univ_one]

Note: This linter can be disabled with `set_option linter.unusedSimpArgs false`
/Users/panda/Desktop/Lean/quick-test/harness/BridgeAll.lean:17487:8: warning: declaration uses 'sorry'
/Users/panda/Desktop/Lean/quick-test/harness/BridgeAll.lean:17498:8: warning: declaration uses 'sorry'
@@BRIDGE Bridge_052_053 cpwl=SORRY_NE relun=SORRY depth=PROVED statement=SORRY
/Users/panda/Desktop/Lean/quick-test/harness/BridgeAll.lean:17543:42: error: Tactic `rewrite` failed: Did not find an occurrence of the pattern
  Agent054.AffineMap.eval ?T ?x
in the target expression
  (fun x => T.eval x 0) x = (toI T).apply x 0

n : ℕ
f : (Fin n → ℝ) → ℝ
T : Agent054.AffineMap n 1
hT : f = fun x => T.eval x 0
x : Fin n → ℝ
⊢ (fun x => T.eval x 0) x = (toI T).apply x 0
/Users/panda/Desktop/Lean/quick-test/harness/BridgeAll.lean:17552:30: error: Tactic `rewrite` failed: Did not find an occurrence of the pattern
  Agent054.AffineMap.eval ?T ?x
in the target expression
  (fun x => g (Agent054.reluVec (T.eval x))) x = g (Agent053.reluVec ((toI T).apply x))

k : ℕ
ih : ∀ (n : ℕ) (f : (Fin n → ℝ) → ℝ), Agent053.computesReLUExact k n f ↔ Agent054.NetComputes k n f
n : ℕ
f : (Fin n → ℝ) → ℝ
m : ℕ
T : Agent054.AffineMap n m
g : Agent054.Vec m → ℝ
hg : Agent054.NetComputes k m g
hf : f = fun x => g (Agent054.reluVec (T.eval x))
x : Fin n → ℝ
⊢ (fun x => g (Agent054.reluVec (T.eval x))) x = g (Agent053.reluVec ((toI T).apply x))
/Users/panda/Desktop/Lean/quick-test/harness/BridgeAll.lean:17561:23: warning: unused variable `hn`

Note: This linter can be disabled with `set_option linter.unusedVariables false`
/Users/panda/Desktop/Lean/quick-test/harness/BridgeAll.lean:17577:6: error: `simp` made no progress
/Users/panda/Desktop/Lean/quick-test/harness/BridgeAll.lean:17583:6: error: `simp` made no progress
/Users/panda/Desktop/Lean/quick-test/harness/BridgeAll.lean:17598:37: error: Tactic `introN` failed: There are no additional binders or `let` bindings in the goal to introduce

⊢ ![fun x => 0, fun x => x 0] ((fun i => i) ⟨0, ⋯⟩) = fun x => ∑ i, (fun x => 0) i * x i + 0
/Users/panda/Desktop/Lean/quick-test/harness/BridgeAll.lean:17599:37: error: Tactic `introN` failed: There are no additional binders or `let` bindings in the goal to introduce

⊢ ![fun x => 0, fun x => x 0] ((fun i => i) ⟨1, ⋯⟩) = fun x => ∑ i, (fun x => 1) i * x i + 0
/Users/panda/Desktop/Lean/quick-test/harness/BridgeAll.lean:17603:36: error: Application type mismatch: The argument
  hx
has type
  x ∈ ![{x | x 0 ≤ 0}, {x | 0 ≤ x 0}] ⟨0, ⋯⟩
but is expected to have type
  ?m.1262 ≤ ?m.1261
in the application
  max_eq_left hx
/Users/panda/Desktop/Lean/quick-test/harness/BridgeAll.lean:17605:37: error: Application type mismatch: The argument
  hx
has type
  x ∈ ![{x | x 0 ≤ 0}, {x | 0 ≤ x 0}] ⟨1, ⋯⟩
but is expected to have type
  ?m.1273 ≤ ?m.1274
in the application
  max_eq_right hx
/Users/panda/Desktop/Lean/quick-test/harness/BridgeAll.lean:17576:17: warning: This simp argument is unused:
  Matrix.cons_val_zero

Hint: Omit it from the simp argument list.
  simp only [M̵a̵t̵r̵i̵x̵.̵c̵o̵n̵s̵_̵v̵a̵l̵_̵z̵e̵r̵o̵,̵ ̵Set.mem_setOf_eq] at hx hy ⊢

Note: This linter can be disabled with `set_option linter.unusedSimpArgs false`
/Users/panda/Desktop/Lean/quick-test/harness/BridgeAll.lean:17576:39: warning: This simp argument is unused:
  Set.mem_setOf_eq

Hint: Omit it from the simp argument list.
  simp only [Matrix.cons_val_zero,̵ ̵S̵e̵t̵.̵m̵e̵m̵_̵s̵e̵t̵O̵f̵_̵e̵q̵] at hx hy ⊢

Note: This linter can be disabled with `set_option linter.unusedSimpArgs false`
/Users/panda/Desktop/Lean/quick-test/harness/BridgeAll.lean:17582:17: warning: This simp argument is unused:
  Matrix.cons_val_one

Hint: Omit it from the simp argument list.
  simp only [Matrix.c̵o̵n̵s̵_̵v̵a̵l̵_̵o̵n̵e̵,̵ ̵M̵a̵t̵r̵i̵x̵.̵head_cons, Set.mem_setOf_eq] at hx hy ⊢

Note: This linter can be disabled with `set_option linter.unusedSimpArgs false`
/Users/panda/Desktop/Lean/quick-test/harness/BridgeAll.lean:17582:38: warning: This simp argument is unused:
  Matrix.head_cons

Hint: Omit it from the simp argument list.
  simp only [Matrix.cons_val_one, M̵a̵t̵r̵i̵x̵.̵h̵e̵a̵d̵_̵c̵o̵n̵s̵,̵ ̵Set.mem_setOf_eq] at hx hy ⊢

Note: This linter can be disabled with `set_option linter.unusedSimpArgs false`
/Users/panda/Desktop/Lean/quick-test/harness/BridgeAll.lean:17582:56: warning: This simp argument is unused:
  Set.mem_setOf_eq

Hint: Omit it from the simp argument list.
  simp only [Matrix.cons_val_one, Matrix.head_cons,̵ ̵S̵e̵t̵.̵m̵e̵m̵_̵s̵e̵t̵O̵f̵_̵e̵q̵] at hx hy ⊢

Note: This linter can be disabled with `set_option linter.unusedSimpArgs false`
/Users/panda/Desktop/Lean/quick-test/harness/BridgeAll.lean:17602:17: warning: This simp argument is unused:
  Matrix.cons_val_zero

Hint: Omit it from the simp argument list.
  simp only [M̵a̵t̵r̵i̵x̵.̵c̵o̵n̵s̵_̵v̵a̵l̵_̵z̵e̵r̵o̵,̵ ̵Set.mem_setOf_eq] at hx

Note: This linter can be disabled with `set_option linter.unusedSimpArgs false`
/Users/panda/Desktop/Lean/quick-test/harness/BridgeAll.lean:17602:39: warning: This simp argument is unused:
  Set.mem_setOf_eq

Hint: Omit it from the simp argument list.
  simp only [Matrix.cons_val_zero,̵ ̵S̵e̵t̵.̵m̵e̵m̵_̵s̵e̵t̵O̵f̵_̵e̵q̵] at hx

Note: This linter can be disabled with `set_option linter.unusedSimpArgs false`
/Users/panda/Desktop/Lean/quick-test/harness/BridgeAll.lean:17604:17: warning: This simp argument is unused:
  Matrix.cons_val_one

Hint: Omit it from the simp argument list.
  simp only [Matrix.c̵o̵n̵s̵_̵v̵a̵l̵_̵o̵n̵e̵,̵ ̵M̵a̵t̵r̵i̵x̵.̵head_cons, Set.mem_setOf_eq] at hx

Note: This linter can be disabled with `set_option linter.unusedSimpArgs false`
/Users/panda/Desktop/Lean/quick-test/harness/BridgeAll.lean:17604:38: warning: This simp argument is unused:
  Matrix.head_cons

Hint: Omit it from the simp argument list.
  simp only [Matrix.cons_val_one, M̵a̵t̵r̵i̵x̵.̵h̵e̵a̵d̵_̵c̵o̵n̵s̵,̵ ̵Set.mem_setOf_eq] at hx

Note: This linter can be disabled with `set_option linter.unusedSimpArgs false`
/Users/panda/Desktop/Lean/quick-test/harness/BridgeAll.lean:17604:56: warning: This simp argument is unused:
  Set.mem_setOf_eq

Hint: Omit it from the simp argument list.
  simp only [Matrix.cons_val_one, Matrix.head_cons,̵ ̵S̵e̵t̵.̵m̵e̵m̵_̵s̵e̵t̵O̵f̵_̵e̵q̵] at hx

Note: This linter can be disabled with `set_option linter.unusedSimpArgs false`
/Users/panda/Desktop/Lean/quick-test/harness/BridgeAll.lean:17642:8: warning: declaration uses 'sorry'
@@BRIDGE Bridge_053_054 cpwl=SORRY_NE relun=SORRY depth=PROVED statement=SORRY
/Users/panda/Desktop/Lean/quick-test/harness/BridgeAll.lean:17669:4: error(lean.unknownIdentifier): Unknown constant `Matrix.dotProduct`
/Users/panda/Desktop/Lean/quick-test/harness/BridgeAll.lean:17667:56: error: unsolved goals
a b : ℕ
T : Agent054.AffineMap a b
x : Fin a → ℝ
i : Fin b
⊢ (fun j => T.A i j) ⬝ᵥ x = ∑ x_1, T.A i x_1 * x x_1
/Users/panda/Desktop/Lean/quick-test/harness/BridgeAll.lean:17675:4: error(lean.unknownIdentifier): Unknown constant `Matrix.dotProduct`
/Users/panda/Desktop/Lean/quick-test/harness/BridgeAll.lean:17673:75: error: unsolved goals
a b : ℕ
T : Agent055.AffMap a b
x : Fin a → ℝ
i : Fin b
⊢ ∑ j, T.A i j * x j = (fun j => T.A i j) ⬝ᵥ x
/Users/panda/Desktop/Lean/quick-test/harness/BridgeAll.lean:17731:8: warning: declaration uses 'sorry'
/Users/panda/Desktop/Lean/quick-test/harness/BridgeAll.lean:17738:8: warning: declaration uses 'sorry'
@@BRIDGE Bridge_054_055 cpwl=SORRY relun=SORRY depth=PROVED statement=SORRY
/Users/panda/Desktop/Lean/quick-test/harness/BridgeAll.lean:17766:28: error(lean.unknownIdentifier): Unknown constant `Matrix.dotProduct`
/Users/panda/Desktop/Lean/quick-test/harness/BridgeAll.lean:17763:65: error: unsolved goals
case h
n m : ℕ
A : Matrix (Fin m) (Fin n) ℝ
c : Fin m → ℝ
x : Fin n → ℝ
i : Fin m
⊢ ∑ j, A i j * x j + c i = (fun j => A i j) ⬝ᵥ x + c i
/Users/panda/Desktop/Lean/quick-test/harness/BridgeAll.lean:17786:67: error(lean.invalidField): Invalid field `mulVec`: The environment does not contain `Function.mulVec`, so it is not possible to project the field `mulVec` from an expression
  fun x j => a j
of type `Fin 1 → Fin n → ℝ`
/Users/panda/Desktop/Lean/quick-test/harness/BridgeAll.lean:17796:34: error(lean.unknownIdentifier): Unknown constant `Matrix.dotProduct`
/Users/panda/Desktop/Lean/quick-test/harness/BridgeAll.lean:17790:17: error: unsolved goals
case zero.mpr.output
n : ℕ
f : (Fin n → ℝ) → ℝ
A : Matrix (Fin 1) (Fin n) ℝ
bias : Fin 1 → ℝ
hnet : ∀ (x : Fin n → ℝ), f x = (Agent056.ReLUNet.output { A := A, bias := bias }).compute x
x : Fin n → ℝ
h1 : f x = { A := A, bias := bias }.eval x 0
⊢ (fun j => A 0 j) ⬝ᵥ x + bias 0 = ∑ j, A 0 j * x j + bias 0
@@BRIDGE Bridge_055_056 cpwl=PROVED relun=SORRY depth=PROVED statement=SORRY
/Users/panda/Desktop/Lean/quick-test/harness/BridgeAll.lean:17881:23: warning: unused variable `hn`

Note: This linter can be disabled with `set_option linter.unusedVariables false`
/Users/panda/Desktop/Lean/quick-test/harness/BridgeAll.lean:17940:14: error: No goals to be solved
/Users/panda/Desktop/Lean/quick-test/harness/BridgeAll.lean:17994:18: error: unsolved goals
x✝¹ x✝ : Fin 1 → ℝ
⊢ -x✝ 0 + -x✝¹ 0 = -x✝¹ 0 + -x✝ 0
/Users/panda/Desktop/Lean/quick-test/harness/BridgeAll.lean:18003:36: warning: this tactic is never executed

Note: This linter can be disabled with `set_option linter.unreachableTactic false`
/Users/panda/Desktop/Lean/quick-test/harness/BridgeAll.lean:18003:36: warning: 'simp [vadd_eq_add, posProj_apply]' tactic does nothing

Note: This linter can be disabled with `set_option linter.unusedTactic false`
/Users/panda/Desktop/Lean/quick-test/harness/BridgeAll.lean:18087:8: warning: declaration uses 'sorry'
@@BRIDGE Bridge_056_057 cpwl=SORRY_NE relun=SORRY depth=PROVED statement=SORRY
/Users/panda/Desktop/Lean/quick-test/harness/BridgeAll.lean:18098:23: warning: unused variable `hn`

Note: This linter can be disabled with `set_option linter.unusedVariables false`
/Users/panda/Desktop/Lean/quick-test/harness/BridgeAll.lean:18136:50: error: Application type mismatch: The argument
  hx
has type
  x ∈ (fun b => if b = true then {x | 0 ≤ x 0} else {x | x 0 ≤ 0}) false
but is expected to have type
  ?m.204 ≤ ?m.203
in the application
  max_eq_left hx
/Users/panda/Desktop/Lean/quick-test/harness/BridgeAll.lean:18137:50: error: Application type mismatch: The argument
  hx
has type
  x ∈ (fun b => if b = true then {x | 0 ≤ x 0} else {x | x 0 ≤ 0}) true
but is expected to have type
  ?m.224 ≤ ?m.225
in the application
  max_eq_right hx
/Users/panda/Desktop/Lean/quick-test/harness/BridgeAll.lean:18128:79: warning: This simp argument is unused:
  neg_nonpos

Hint: Omit it from the simp argument list.
  simp [Set.mem_iInter, Set.mem_setOf_eq, LinearMap.proj_apply,̵ ̵n̵e̵g̵_̵n̵o̵n̵p̵o̵s̵]

Note: This linter can be disabled with `set_option linter.unusedSimpArgs false`
/Users/panda/Desktop/Lean/quick-test/harness/BridgeAll.lean:18156:52: error(lean.unknownIdentifier): Unknown constant `Matrix.dotProduct`
/Users/panda/Desktop/Lean/quick-test/harness/BridgeAll.lean:18154:39: error: unsolved goals
m : ℕ
g : Fin m → Agent058.AffineMapRn 1 1
hg : ∀ (x : Fin 1 → ℝ), ∃ i, ∀ᶠ (y : Fin 1 → ℝ) in nhds x, kink y = (g i).eval y 0
i : Fin m
hi : ∀ᶠ (y : Fin 1 → ℝ) in nhds 0, kink y = (g i).eval y 0
hφ : Continuous fun t x => t
ε : ℝ
hε : ε > 0
hball : ∀ ⦃y : ℝ⦄, dist y 0 < ε → (kink fun x => y) = (g i).eval (fun x => y) 0
h0 : (kink fun x => 0) = (g i).eval (fun x => 0) 0
hp : (kink fun x => ε / 2) = (g i).eval (fun x => ε / 2) 0
hn : (kink fun x => -(ε / 2)) = (g i).eval (fun x => -(ε / 2)) 0
t : ℝ
⊢ ((fun j => (g i).A 0 j) ⬝ᵥ fun x => t) = (g i).A 0 0 * t
/Users/panda/Desktop/Lean/quick-test/harness/BridgeAll.lean:18156:71: warning: This simp argument is unused:
  Fin.sum_univ_one

Hint: Omit it from the simp argument list.
  simp [Agent058.AffineMapRn.eval, Matrix.mulVec, Matrix.dotProduct, F̵i̵n̵.̵s̵u̵m̵_̵u̵n̵i̵v̵_̵o̵n̵e̵,̵
  ̵ ̵ ̵ ̵ ̵ ̵ ̵Pi.add_apply]

Note: This linter can be disabled with `set_option linter.unusedSimpArgs false`
/Users/panda/Desktop/Lean/quick-test/harness/BridgeAll.lean:18176:8: warning: declaration uses 'sorry'
/Users/panda/Desktop/Lean/quick-test/harness/BridgeAll.lean:18182:8: warning: declaration uses 'sorry'
@@BRIDGE Bridge_057_058 cpwl=SORRY_NE relun=SORRY depth=PROVED statement=SORRY
/Users/panda/Desktop/Lean/quick-test/harness/BridgeAll.lean:18245:14: warning: This simp argument is unused:
  Fin.sum_univ_one

Hint: Omit it from the simp argument list.
  simp ̵[̵F̵i̵n̵.̵s̵u̵m̵_̵u̵n̵i̵v̵_̵o̵n̵e̵]̵

Note: This linter can be disabled with `set_option linter.unusedSimpArgs false`
/Users/panda/Desktop/Lean/quick-test/harness/BridgeAll.lean:18274:64: warning: This simp argument is unused:
  Fin.sum_univ_one

Hint: Omit it from the simp argument list.
  simp [Agent058.AffineMapRn.eval, Matrix.mulVec, dotProduct, F̵i̵n̵.̵s̵u̵m̵_̵u̵n̵i̵v̵_̵o̵n̵e̵,̵
  ̵ ̵ ̵ ̵ ̵ ̵ ̵Pi.add_apply]

Note: This linter can be disabled with `set_option linter.unusedSimpArgs false`
/Users/panda/Desktop/Lean/quick-test/harness/BridgeAll.lean:18314:8: warning: declaration uses 'sorry'
/Users/panda/Desktop/Lean/quick-test/harness/BridgeAll.lean:18317:23: warning: unused variable `hn`

Note: This linter can be disabled with `set_option linter.unusedVariables false`
/Users/panda/Desktop/Lean/quick-test/harness/BridgeAll.lean:18327:8: warning: declaration uses 'sorry'
@@BRIDGE Bridge_058_059 cpwl=REFUTED relun=SORRY depth=PROVED statement=SORRY
/Users/panda/Desktop/Lean/quick-test/harness/BridgeAll.lean:18342:23: warning: unused variable `hn`

Note: This linter can be disabled with `set_option linter.unusedVariables false`
/Users/panda/Desktop/Lean/quick-test/harness/BridgeAll.lean:18354:21: warning: This simp argument is unused:
  Fin.sum_univ_one

Hint: Omit it from the simp argument list.
  simp [Fin.s̵u̵m̵_̵u̵n̵i̵v̵_̵o̵n̵e̵,̵ ̵F̵i̵n̵.̵forall_fin_one]

Note: This linter can be disabled with `set_option linter.unusedSimpArgs false`
/Users/panda/Desktop/Lean/quick-test/harness/BridgeAll.lean:18354:39: warning: This simp argument is unused:
  Fin.forall_fin_one

Hint: Omit it from the simp argument list.
  simp [Fin.sum_univ_one,̵ ̵F̵i̵n̵.̵f̵o̵r̵a̵l̵l̵_̵f̵i̵n̵_̵o̵n̵e̵]

Note: This linter can be disabled with `set_option linter.unusedSimpArgs false`
/Users/panda/Desktop/Lean/quick-test/harness/BridgeAll.lean:18356:21: warning: This simp argument is unused:
  Fin.sum_univ_one

Hint: Omit it from the simp argument list.
  simp [Fin.s̵u̵m̵_̵u̵n̵i̵v̵_̵o̵n̵e̵,̵ ̵F̵i̵n̵.̵forall_fin_one]

Note: This linter can be disabled with `set_option linter.unusedSimpArgs false`
/Users/panda/Desktop/Lean/quick-test/harness/BridgeAll.lean:18356:39: warning: This simp argument is unused:
  Fin.forall_fin_one

Hint: Omit it from the simp argument list.
  simp [Fin.sum_univ_one,̵ ̵F̵i̵n̵.̵f̵o̵r̵a̵l̵l̵_̵f̵i̵n̵_̵o̵n̵e̵]

Note: This linter can be disabled with `set_option linter.unusedSimpArgs false`
/Users/panda/Desktop/Lean/quick-test/harness/BridgeAll.lean:18360:52: warning: This simp argument is unused:
  Fin.sum_univ_one

Hint: Omit it from the simp argument list.
  simp ̵[̵F̵i̵n̵.̵s̵u̵m̵_̵u̵n̵i̵v̵_̵o̵n̵e̵]̵

Note: This linter can be disabled with `set_option linter.unusedSimpArgs false`
/Users/panda/Desktop/Lean/quick-test/harness/BridgeAll.lean:18421:8: warning: declaration uses 'sorry'
/Users/panda/Desktop/Lean/quick-test/harness/BridgeAll.lean:18432:8: warning: declaration uses 'sorry'
@@BRIDGE Bridge_059_060 cpwl=REFUTED relun=SORRY depth=PROVED statement=SORRY
/Users/panda/Desktop/Lean/quick-test/harness/BridgeAll.lean:18473:4: error: unsolved goals
case succ.mpr
k : ℕ
ih : ∀ (n : ℕ) (f : Agent060.Vec n → ℝ), Agent060.represents n k f ↔ Agent061.NetComputes k n f
n : ℕ
f : Agent060.Vec n → ℝ
m : ℕ
T : (Fin n → ℝ) → Fin m → ℝ
g : (Fin m → ℝ) → ℝ
A : Matrix (Fin m) (Fin n) ℝ
c : Fin m → ℝ
hT : ∀ (x : Fin n → ℝ), T x = A.mulVec x + c
hg : Agent061.NetComputes k m g
hf : ∀ (x : Fin n → ℝ), f x = g (Agent061.reluVec (T x))
x : Agent060.Vec n
hTe : { A := A, bias := c }.eval x = T x
⊢ g (Agent061.reluVec (T x)) = g (Agent060.reluVec (T x))
/Users/panda/Desktop/Lean/quick-test/harness/BridgeAll.lean:18501:23: warning: unused variable `hn`

Note: This linter can be disabled with `set_option linter.unusedVariables false`
@@BRIDGE Bridge_060_061 cpwl=PROVED relun=SORRY depth=PROVED statement=SORRY
/Users/panda/Desktop/Lean/quick-test/harness/BridgeAll.lean:18556:71: error(lean.unknownIdentifier): Unknown constant `Matrix.dotProduct`
/Users/panda/Desktop/Lean/quick-test/harness/BridgeAll.lean:18553:2: error: unsolved goals
case mp.h
n : ℕ
f : (Fin n → ℝ) → ℝ
a : Fin n → ℝ
c : ℝ
h : ∀ (x : Fin n → ℝ), f x = ∑ i, a i * x i + c
x : Fin n → ℝ
⊢ ∑ i, a i * x i + c = (fun j => a j) ⬝ᵥ x + c
/Users/panda/Desktop/Lean/quick-test/harness/BridgeAll.lean:18560:61: error(lean.unknownIdentifier): Unknown constant `Matrix.dotProduct`
/Users/panda/Desktop/Lean/quick-test/harness/BridgeAll.lean:18558:2: error: unsolved goals
case mpr
n : ℕ
T : Agent062.Affine n 1
x : Fin n → ℝ
⊢ (fun j => T.A 0 j) ⬝ᵥ x = ∑ x_1, T.A 0 x_1 * x x_1
/Users/panda/Desktop/Lean/quick-test/harness/BridgeAll.lean:18581:66: error: unsolved goals
case h
k : ℕ
ih : ∀ (n : ℕ) (f : (Fin n → ℝ) → ℝ), Agent061.NetComputes k n f ↔ Agent062.NetComputes n k f
n : ℕ
f : (Fin n → ℝ) → ℝ
m : ℕ
T : (Fin n → ℝ) → Fin m → ℝ
g : (Fin m → ℝ) → ℝ
hT : Agent061.IsAffineMap T
hg : Agent061.NetComputes k m g
hfx : ∀ (x : Fin n → ℝ), f x = g (Agent061.reluVec (T x))
S : Agent062.Affine n m
hS : ∀ (x : Fin n → ℝ), T x = S.eval x
x : Fin n → ℝ
⊢ g (Agent061.reluVec (S.eval x)) = g (Agent062.reluVec (S.eval x))
/Users/panda/Desktop/Lean/quick-test/harness/BridgeAll.lean:18600:23: warning: unused variable `hn`

Note: This linter can be disabled with `set_option linter.unusedVariables false`
/Users/panda/Desktop/Lean/quick-test/harness/BridgeAll.lean:18643:32: error: Application type mismatch: The argument
  h0mem
has type
  h0 ∈ S
of sort `Prop` but is expected to have type
  (Fin 1 → ℝ) → ℝ
of sort `Type` in the application
  hSaff h0mem
/Users/panda/Desktop/Lean/quick-test/harness/BridgeAll.lean:18615:40: warning: This simp argument is unused:
  Fin.sum_univ_one

Hint: Omit it from the simp argument list.
  simp ̵[̵F̵i̵n̵.̵s̵u̵m̵_̵u̵n̵i̵v̵_̵o̵n̵e̵]̵

Note: This linter can be disabled with `set_option linter.unusedSimpArgs false`
/Users/panda/Desktop/Lean/quick-test/harness/BridgeAll.lean:18617:40: warning: This simp argument is unused:
  Fin.sum_univ_one

Hint: Omit it from the simp argument list.
  simp ̵[̵F̵i̵n̵.̵s̵u̵m̵_̵u̵n̵i̵v̵_̵o̵n̵e̵]̵

Note: This linter can be disabled with `set_option linter.unusedSimpArgs false`
/Users/panda/Desktop/Lean/quick-test/harness/BridgeAll.lean:18634:19: warning: This simp argument is unused:
  Matrix.cons_val_zero

Hint: Omit it from the simp argument list.
  simp only [M̵a̵t̵r̵i̵x̵.̵c̵o̵n̵s̵_̵v̵a̵l̵_̵z̵e̵r̵o̵,̵ ̵Set.mem_setOf_eq] at hx

Note: This linter can be disabled with `set_option linter.unusedSimpArgs false`
/Users/panda/Desktop/Lean/quick-test/harness/BridgeAll.lean:18634:41: warning: This simp argument is unused:
  Set.mem_setOf_eq

Hint: Omit it from the simp argument list.
  simp only [Matrix.cons_val_zero,̵ ̵S̵e̵t̵.̵m̵e̵m̵_̵s̵e̵t̵O̵f̵_̵e̵q̵] at hx

Note: This linter can be disabled with `set_option linter.unusedSimpArgs false`
/Users/panda/Desktop/Lean/quick-test/harness/BridgeAll.lean:18635:23: warning: This simp argument is unused:
  Matrix.cons_val_zero

Hint: Omit it from the simp argument list.
  simp only [wf,̵ ̵M̵a̵t̵r̵i̵x̵.̵c̵o̵n̵s̵_̵v̵a̵l̵_̵z̵e̵r̵o̵]

Note: This linter can be disabled with `set_option linter.unusedSimpArgs false`
/Users/panda/Desktop/Lean/quick-test/harness/BridgeAll.lean:18637:19: warning: This simp argument is unused:
  Matrix.cons_val_one

Hint: Omit it from the simp argument list.
  simp only [Matrix.c̵o̵n̵s̵_̵v̵a̵l̵_̵o̵n̵e̵,̵ ̵M̵a̵t̵r̵i̵x̵.̵head_cons, Set.mem_setOf_eq] at hx

Note: This linter can be disabled with `set_option linter.unusedSimpArgs false`
/Users/panda/Desktop/Lean/quick-test/harness/BridgeAll.lean:18637:40: warning: This simp argument is unused:
  Matrix.head_cons

Hint: Omit it from the simp argument list.
  simp only [Matrix.cons_val_one, M̵a̵t̵r̵i̵x̵.̵h̵e̵a̵d̵_̵c̵o̵n̵s̵,̵ ̵Set.mem_setOf_eq] at hx

Note: This linter can be disabled with `set_option linter.unusedSimpArgs false`
/Users/panda/Desktop/Lean/quick-test/harness/BridgeAll.lean:18637:58: warning: This simp argument is unused:
  Set.mem_setOf_eq

Hint: Omit it from the simp argument list.
  simp only [Matrix.cons_val_one, Matrix.head_cons,̵ ̵S̵e̵t̵.̵m̵e̵m̵_̵s̵e̵t̵O̵f̵_̵e̵q̵] at hx

Note: This linter can be disabled with `set_option linter.unusedSimpArgs false`
/Users/panda/Desktop/Lean/quick-test/harness/BridgeAll.lean:18638:23: warning: This simp argument is unused:
  Matrix.cons_val_one

Hint: Omit it from the simp argument list.
  simp only [wf, Matrix.c̵o̵n̵s̵_̵v̵a̵l̵_̵o̵n̵e̵,̵ ̵M̵a̵t̵r̵i̵x̵.̵head_cons]

Note: This linter can be disabled with `set_option linter.unusedSimpArgs false`
/Users/panda/Desktop/Lean/quick-test/harness/BridgeAll.lean:18638:44: warning: This simp argument is unused:
  Matrix.head_cons

Hint: Omit it from the simp argument list.
  simp only [wf, Matrix.cons_val_one,̵ ̵M̵a̵t̵r̵i̵x̵.̵h̵e̵a̵d̵_̵c̵o̵n̵s̵]

Note: This linter can be disabled with `set_option linter.unusedSimpArgs false`
/Users/panda/Desktop/Lean/quick-test/harness/BridgeAll.lean:18681:8: warning: declaration uses 'sorry'
@@BRIDGE Bridge_061_062 cpwl=SORRY_NE relun=SORRY depth=PROVED statement=SORRY
/Users/panda/Desktop/Lean/quick-test/harness/BridgeAll.lean:18766:12: error: No goals to be solved
/Users/panda/Desktop/Lean/quick-test/harness/BridgeAll.lean:18777:10: error: No goals to be solved
/Users/panda/Desktop/Lean/quick-test/harness/BridgeAll.lean:18795:23: warning: unused variable `hn`

Note: This linter can be disabled with `set_option linter.unusedVariables false`
@@BRIDGE Bridge_062_063 cpwl=PROVED relun=SORRY depth=PROVED statement=SORRY
/Users/panda/Desktop/Lean/quick-test/harness/BridgeAll.lean:18856:34: warning: This simp argument is unused:
  Matrix.head_cons

Hint: Omit it from the simp argument list.
  simp only [Matrix.cons_val_one, M̵a̵t̵r̵i̵x̵.̵h̵e̵a̵d̵_̵c̵o̵n̵s̵,̵ ̵Set.mem_setOf_eq]

Note: This linter can be disabled with `set_option linter.unusedSimpArgs false`
/Users/panda/Desktop/Lean/quick-test/harness/BridgeAll.lean:18856:52: warning: This simp argument is unused:
  Set.mem_setOf_eq

Hint: Omit it from the simp argument list.
  simp only [Matrix.cons_val_one, Matrix.head_cons,̵ ̵S̵e̵t̵.̵m̵e̵m̵_̵s̵e̵t̵O̵f̵_̵e̵q̵]

Note: This linter can be disabled with `set_option linter.unusedSimpArgs false`
/Users/panda/Desktop/Lean/quick-test/harness/BridgeAll.lean:18878:11: error(lean.unknownIdentifier): Unknown identifier `le_or_lt`
/Users/panda/Desktop/Lean/quick-test/harness/BridgeAll.lean:18878:33: error: Tactic `rcases` failed: `x✝ : ?m.600` is not an inductive datatype
/Users/panda/Desktop/Lean/quick-test/harness/BridgeAll.lean:18874:52: warning: This simp argument is unused:
  Fin.sum_univ_one

Hint: Omit it from the simp argument list.
  simp [G063,̵ ̵F̵i̵n̵.̵s̵u̵m̵_̵u̵n̵i̵v̵_̵o̵n̵e̵]

Note: This linter can be disabled with `set_option linter.unusedSimpArgs false`
/Users/panda/Desktop/Lean/quick-test/harness/BridgeAll.lean:18884:23: warning: This simp argument is unused:
  Matrix.cons_val_zero

Hint: Omit it from the simp argument list.
  simp only [G063,̵ ̵M̵a̵t̵r̵i̵x̵.̵c̵o̵n̵s̵_̵v̵a̵l̵_̵z̵e̵r̵o̵]

Note: This linter can be disabled with `set_option linter.unusedSimpArgs false`
/Users/panda/Desktop/Lean/quick-test/harness/BridgeAll.lean:18887:23: warning: This simp argument is unused:
  Matrix.cons_val_one

Hint: Omit it from the simp argument list.
  simp only [G063, Matrix.c̵o̵n̵s̵_̵v̵a̵l̵_̵o̵n̵e̵,̵ ̵M̵a̵t̵r̵i̵x̵.̵head_cons]

Note: This linter can be disabled with `set_option linter.unusedSimpArgs false`
/Users/panda/Desktop/Lean/quick-test/harness/BridgeAll.lean:18887:44: warning: This simp argument is unused:
  Matrix.head_cons

Hint: Omit it from the simp argument list.
  simp only [G063, Matrix.cons_val_one,̵ ̵M̵a̵t̵r̵i̵x̵.̵h̵e̵a̵d̵_̵c̵o̵n̵s̵]

Note: This linter can be disabled with `set_option linter.unusedSimpArgs false`
/Users/panda/Desktop/Lean/quick-test/harness/BridgeAll.lean:18921:44: error: Tactic `rewrite` failed: Did not find an occurrence of the pattern
  t1
in the target expression
  0 ≤ ε / 2

m : ℕ
a : Fin m → Fin 1 → ℝ
b : Fin m → ℝ
hloc : ∀ (x : Fin 1 → ℝ), ∃ i U, IsOpen U ∧ x ∈ U ∧ ∀ y ∈ U, f0 y = ∑ j, a i j * y j + b i
i : Fin m
U : Set (Fin 1 → ℝ)
hUopen : IsOpen U
h0U : 0 ∈ U
hagree : ∀ y ∈ U, f0 y = ∑ j, a i j * y j + b i
ψ : ℝ → Fin 1 → ℝ := fun t x => t
hψdef : ψ = fun t x => t
hψeval : ∀ (t : ℝ), ψ t 0 = t
hψcont : Continuous ψ
hψ0 : ψ 0 = 0
hpre : IsOpen (ψ ⁻¹' U)
h0pre : 0 ∈ ψ ⁻¹' U
ε : ℝ
hε : ε > 0
hball : Metric.ball 0 ε ⊆ ψ ⁻¹' U
hmem : ∀ (t : ℝ), |t| < ε → ψ t ∈ U
t1 : ℝ := ε / 2
ht1 : t1 = ε / 2
t2 : ℝ := ε / 3
ht2 : t2 = ε / 3
t3 : ℝ := -(ε / 4)
ht3 : t3 = -(ε / 4)
ht1lt : |t1| < ε
ht2lt : |t2| < ε
ht3lt : |t3| < ε
e1 : f0 (ψ t1) = a i 0 * t1 + b i
e2 : f0 (ψ t2) = a i 0 * t2 + b i
e3 : f0 (ψ t3) = a i 0 * t3 + b i
⊢ 0 ≤ ε / 2
/Users/panda/Desktop/Lean/quick-test/harness/BridgeAll.lean:18924:44: error: Tactic `rewrite` failed: Did not find an occurrence of the pattern
  t2
in the target expression
  0 ≤ ε / 3

m : ℕ
a : Fin m → Fin 1 → ℝ
b : Fin m → ℝ
hloc : ∀ (x : Fin 1 → ℝ), ∃ i U, IsOpen U ∧ x ∈ U ∧ ∀ y ∈ U, f0 y = ∑ j, a i j * y j + b i
i : Fin m
U : Set (Fin 1 → ℝ)
hUopen : IsOpen U
h0U : 0 ∈ U
hagree : ∀ y ∈ U, f0 y = ∑ j, a i j * y j + b i
ψ : ℝ → Fin 1 → ℝ := fun t x => t
hψdef : ψ = fun t x => t
hψeval : ∀ (t : ℝ), ψ t 0 = t
hψcont : Continuous ψ
hψ0 : ψ 0 = 0
hpre : IsOpen (ψ ⁻¹' U)
h0pre : 0 ∈ ψ ⁻¹' U
ε : ℝ
hε : ε > 0
hball : Metric.ball 0 ε ⊆ ψ ⁻¹' U
hmem : ∀ (t : ℝ), |t| < ε → ψ t ∈ U
t1 : ℝ := ε / 2
ht1 : t1 = ε / 2
t2 : ℝ := ε / 3
ht2 : t2 = ε / 3
t3 : ℝ := -(ε / 4)
ht3 : t3 = -(ε / 4)
ht1lt : |t1| < ε
ht2lt : |t2| < ε
ht3lt : |t3| < ε
e1 : f0 (ψ t1) = a i 0 * t1 + b i
e2 : f0 (ψ t2) = a i 0 * t2 + b i
e3 : f0 (ψ t3) = a i 0 * t3 + b i
hf1 : f0 (ψ t1) = t1
⊢ 0 ≤ ε / 3
/Users/panda/Desktop/Lean/quick-test/harness/BridgeAll.lean:18927:43: error: Tactic `rewrite` failed: Did not find an occurrence of the pattern
  t3
in the target expression
  -(ε / 4) ≤ 0

m : ℕ
a : Fin m → Fin 1 → ℝ
b : Fin m → ℝ
hloc : ∀ (x : Fin 1 → ℝ), ∃ i U, IsOpen U ∧ x ∈ U ∧ ∀ y ∈ U, f0 y = ∑ j, a i j * y j + b i
i : Fin m
U : Set (Fin 1 → ℝ)
hUopen : IsOpen U
h0U : 0 ∈ U
hagree : ∀ y ∈ U, f0 y = ∑ j, a i j * y j + b i
ψ : ℝ → Fin 1 → ℝ := fun t x => t
hψdef : ψ = fun t x => t
hψeval : ∀ (t : ℝ), ψ t 0 = t
hψcont : Continuous ψ
hψ0 : ψ 0 = 0
hpre : IsOpen (ψ ⁻¹' U)
h0pre : 0 ∈ ψ ⁻¹' U
ε : ℝ
hε : ε > 0
hball : Metric.ball 0 ε ⊆ ψ ⁻¹' U
hmem : ∀ (t : ℝ), |t| < ε → ψ t ∈ U
t1 : ℝ := ε / 2
ht1 : t1 = ε / 2
t2 : ℝ := ε / 3
ht2 : t2 = ε / 3
t3 : ℝ := -(ε / 4)
ht3 : t3 = -(ε / 4)
ht1lt : |t1| < ε
ht2lt : |t2| < ε
ht3lt : |t3| < ε
e1 : f0 (ψ t1) = a i 0 * t1 + b i
e2 : f0 (ψ t2) = a i 0 * t2 + b i
e3 : f0 (ψ t3) = a i 0 * t3 + b i
hf1 : f0 (ψ t1) = t1
hf2 : f0 (ψ t2) = t2
⊢ -(ε / 4) ≤ 0
/Users/panda/Desktop/Lean/quick-test/harness/BridgeAll.lean:18932:49: error: ring failed, ring expressions not equal
m : ℕ
a : Fin m → Fin 1 → ℝ
b : Fin m → ℝ
hloc : ∀ (x : Fin 1 → ℝ), ∃ i U, IsOpen U ∧ x ∈ U ∧ ∀ y ∈ U, f0 y = ∑ j, a i j * y j + b i
i : Fin m
U : Set (Fin 1 → ℝ)
hUopen : IsOpen U
h0U : 0 ∈ U
hagree : ∀ y ∈ U, f0 y = ∑ j, a i j * y j + b i
ψ : ℝ → Fin 1 → ℝ := ⋯
hψdef : ψ = fun t x => t
hψeval : ∀ (t : ℝ), ψ t 0 = t
hψcont : Continuous ψ
hψ0 : ψ 0 = 0
hpre : IsOpen (ψ ⁻¹' U)
h0pre : 0 ∈ ψ ⁻¹' U
ε : ℝ
hε : ε > 0
hball : Metric.ball 0 ε ⊆ ψ ⁻¹' U
hmem : ∀ (t : ℝ), |t| < ε → ψ t ∈ U
t1 : ℝ := ⋯
ht1 : t1 = ε / 2
t2 : ℝ := ⋯
ht2 : t2 = ε / 3
t3 : ℝ := ⋯
ht3 : t3 = -(ε / 4)
ht1lt : |t1| < ε
ht2lt : |t2| < ε
ht3lt : |t3| < ε
e1 : t1 = a i 0 * t1 + b i
e2 : t2 = a i 0 * t2 + b i
e3 : 0 = a i 0 * t3 + b i
hf1 : f0 (ψ t1) = t1
hf2 : f0 (ψ t2) = t2
hf3 : f0 (ψ t3) = 0
ht12 : t1 - t2 ≠ 0
⊢ a i 0 * ε * (1 / 3) + ε * (-1 / 3) = 0
/Users/panda/Desktop/Lean/quick-test/harness/BridgeAll.lean:18957:8: warning: declaration uses 'sorry'
@@BRIDGE Bridge_063_064 cpwl=SORRY_NE relun=SORRY depth=PROVED statement=SORRY
/Users/panda/Desktop/Lean/quick-test/harness/BridgeAll.lean:19060:8: warning: declaration uses 'sorry'
/Users/panda/Desktop/Lean/quick-test/harness/BridgeAll.lean:19068:8: warning: declaration uses 'sorry'
@@BRIDGE Bridge_064_065 cpwl=PROVED relun=SORRY depth=PROVED statement=SORRY
/Users/panda/Desktop/Lean/quick-test/harness/BridgeAll.lean:19096:28: error: typeclass instance problem is stuck, it is often due to metavariables
  Fin n → Module ?m.117 ℝ
/Users/panda/Desktop/Lean/quick-test/harness/BridgeAll.lean:19106:75: error(lean.invalidField): Invalid field `symm`: The environment does not contain `Function.symm`, so it is not possible to project the field `symm` from an expression
  LinearMap.sum_single_apply ?m.257
of type
  ∀ (v : (i : ?m.255) → ?m.257 i), ∑ i, Pi.single i (v i) = v
/Users/panda/Desktop/Lean/quick-test/harness/BridgeAll.lean:19106:72: error: Application type mismatch: The argument
  x
has type
  Fin n → ℝ
of sort `Type` but is expected to have type
  ?m.255 → Type ?u.587609
of sort
  Type (max (?u.587609 + 1) ?u.587610)
in the application
  @LinearMap.sum_single_apply ?m.255 x
/Users/panda/Desktop/Lean/quick-test/harness/BridgeAll.lean:19150:8: warning: declaration uses 'sorry'
/Users/panda/Desktop/Lean/quick-test/harness/BridgeAll.lean:19153:23: warning: unused variable `hn`

Note: This linter can be disabled with `set_option linter.unusedVariables false`
@@BRIDGE Bridge_065_066 cpwl=SORRY relun=SORRY depth=PROVED statement=SORRY
/Users/panda/Desktop/Lean/quick-test/harness/BridgeAll.lean:19196:23: warning: unused variable `hn`

Note: This linter can be disabled with `set_option linter.unusedVariables false`
/Users/panda/Desktop/Lean/quick-test/harness/BridgeAll.lean:19205:8: warning: declaration uses 'sorry'
/Users/panda/Desktop/Lean/quick-test/harness/BridgeAll.lean:19216:8: warning: declaration uses 'sorry'
/Users/panda/Desktop/Lean/quick-test/harness/BridgeAll.lean:19224:8: warning: declaration uses 'sorry'
@@BRIDGE Bridge_066_067 cpwl=SORRY relun=SORRY depth=PROVED statement=SORRY
/Users/panda/Desktop/Lean/quick-test/harness/BridgeAll.lean:19238:23: warning: unused variable `hn`

Note: This linter can be disabled with `set_option linter.unusedVariables false`
/Users/panda/Desktop/Lean/quick-test/harness/BridgeAll.lean:19263:10: error: Tactic `rewrite` failed: Did not find an occurrence of the pattern
  if i = 0 then ?m.86 else ?m.87
in the target expression
  Agent068.IsAffineFun 1 ((fun i => if i = 0 then fun x => 0 else fun x => x 0) i)

case pos
i : Fin 2
hi : i = 0
⊢ Agent068.IsAffineFun 1 ((fun i => if i = 0 then fun x => 0 else fun x => x 0) i)
/Users/panda/Desktop/Lean/quick-test/harness/BridgeAll.lean:19264:10: error: Tactic `rewrite` failed: Did not find an occurrence of the pattern
  if i = 0 then ?m.91 else ?m.92
in the target expression
  Agent068.IsAffineFun 1 ((fun i => if i = 0 then fun x => 0 else fun x => x 0) i)

case neg
i : Fin 2
hi : ¬i = 0
⊢ Agent068.IsAffineFun 1 ((fun i => if i = 0 then fun x => 0 else fun x => x 0) i)
/Users/panda/Desktop/Lean/quick-test/harness/BridgeAll.lean:19269:10: error: Tactic `rewrite` failed: Did not find an occurrence of the pattern
  if i = 0 then ?m.110 else ?m.111
in the target expression
  Convex ℝ ((fun i => if i = 0 then {x | x 0 ≤ 0} else {x | 0 ≤ x 0}) i)

case pos
i : Fin 2
hi : i = 0
⊢ Convex ℝ ((fun i => if i = 0 then {x | x 0 ≤ 0} else {x | 0 ≤ x 0}) i)
/Users/panda/Desktop/Lean/quick-test/harness/BridgeAll.lean:19273:10: error: Tactic `rewrite` failed: Did not find an occurrence of the pattern
  if i = 0 then ?m.115 else ?m.116
in the target expression
  Convex ℝ ((fun i => if i = 0 then {x | x 0 ≤ 0} else {x | 0 ≤ x 0}) i)

case neg
i : Fin 2
hi : ¬i = 0
⊢ Convex ℝ ((fun i => if i = 0 then {x | x 0 ≤ 0} else {x | 0 ≤ x 0}) i)
/Users/panda/Desktop/Lean/quick-test/harness/BridgeAll.lean:19279:11: error(lean.unknownIdentifier): Unknown identifier `le_or_lt`
/Users/panda/Desktop/Lean/quick-test/harness/BridgeAll.lean:19279:33: error: Tactic `rcases` failed: `x✝ : ?m.122` is not an inductive datatype
/Users/panda/Desktop/Lean/quick-test/harness/BridgeAll.lean:19285:10: error: Tactic `rewrite` failed: Did not find an occurrence of the pattern
  if i = 0 then ?m.147 else ?m.148
in the target expression
  x ∈ (fun i => if i = 0 then {x | x 0 ≤ 0} else {x | 0 ≤ x 0}) i

case pos
i : Fin 2
x : Fin 1 → ℝ
hx : x ∈ (fun i => if i = 0 then {x | x 0 ≤ 0} else {x | 0 ≤ x 0}) i
hi : i = 0
⊢ f0 x = (fun i => if i = 0 then fun x => 0 else fun x => x 0) i x
/Users/panda/Desktop/Lean/quick-test/harness/BridgeAll.lean:19288:10: error: Tactic `rewrite` failed: Did not find an occurrence of the pattern
  if i = 0 then ?m.152 else ?m.153
in the target expression
  x ∈ (fun i => if i = 0 then {x | x 0 ≤ 0} else {x | 0 ≤ x 0}) i

case neg
i : Fin 2
x : Fin 1 → ℝ
hx : x ∈ (fun i => if i = 0 then {x | x 0 ≤ 0} else {x | 0 ≤ x 0}) i
hi : ¬i = 0
⊢ f0 x = (fun i => if i = 0 then fun x => 0 else fun x => x 0) i x
/Users/panda/Desktop/Lean/quick-test/harness/BridgeAll.lean:19339:8: warning: declaration uses 'sorry'
/Users/panda/Desktop/Lean/quick-test/harness/BridgeAll.lean:19347:8: warning: declaration uses 'sorry'
@@BRIDGE Bridge_067_068 cpwl=SORRY_NE relun=SORRY depth=PROVED statement=SORRY
/Users/panda/Desktop/Lean/quick-test/harness/BridgeAll.lean:19386:6: error: `simp` made no progress
/Users/panda/Desktop/Lean/quick-test/harness/BridgeAll.lean:19390:6: error: `simp` made no progress
/Users/panda/Desktop/Lean/quick-test/harness/BridgeAll.lean:19380:46: warning: This simp argument is unused:
  Fin.sum_univ_one

Hint: Omit it from the simp argument list.
  simp ̵[̵F̵i̵n̵.̵s̵u̵m̵_̵u̵n̵i̵v̵_̵o̵n̵e̵]̵

Note: This linter can be disabled with `set_option linter.unusedSimpArgs false`
/Users/panda/Desktop/Lean/quick-test/harness/BridgeAll.lean:19381:46: warning: This simp argument is unused:
  Fin.sum_univ_one

Hint: Omit it from the simp argument list.
  simp ̵[̵F̵i̵n̵.̵s̵u̵m̵_̵u̵n̵i̵v̵_̵o̵n̵e̵]̵

Note: This linter can be disabled with `set_option linter.unusedSimpArgs false`
/Users/panda/Desktop/Lean/quick-test/harness/BridgeAll.lean:19385:17: warning: This simp argument is unused:
  Set.mem_setOf_eq

Hint: Omit it from the simp argument list.
  simp only [̵S̵e̵t̵.̵m̵e̵m̵_̵s̵e̵t̵O̵f̵_̵e̵q̵]̵ ̵at hx hy ⊢

Note: This linter can be disabled with `set_option linter.unusedSimpArgs false`
/Users/panda/Desktop/Lean/quick-test/harness/BridgeAll.lean:19389:17: warning: This simp argument is unused:
  Set.mem_setOf_eq

Hint: Omit it from the simp argument list.
  simp only [̵S̵e̵t̵.̵m̵e̵m̵_̵s̵e̵t̵O̵f̵_̵e̵q̵]̵ ̵at hx hy ⊢

Note: This linter can be disabled with `set_option linter.unusedSimpArgs false`
/Users/panda/Desktop/Lean/quick-test/harness/BridgeAll.lean:19425:6: error: Tactic `rewrite` failed: Did not find an occurrence of the pattern
  max ?a ?a
in the target expression
  0 ∈ {x | max 0 x = a 0 * x + b}

m : ℕ
g : Fin m → (Fin 1 → ℝ) → ℝ
hgaff : ∀ (i : Fin m), Agent069.IsAffineFunc (g i)
hloc : ∀ (x : Fin 1 → ℝ), ∃ i, ∀ᶠ (y : Fin 1 → ℝ) in nhds x, f068069 y = g i y
i : Fin m
hev : ∀ᶠ (y : Fin 1 → ℝ) in nhds 0, f068069 y = g i y
a : Fin 1 → ℝ
b : ℝ
hgi : ∀ (x : Fin 1 → ℝ), g i x = ∑ i, a i * x i + b
hιcont : Continuous fun t x => t
htendsto : Filter.Tendsto (fun t x => t) (nhds 0) (nhds 0)
hev' : ∀ᶠ (t : ℝ) in nhds 0, (f068069 fun x => t) = g i fun x => t
ε : ℝ
hε : ε > 0
hsub : Metric.ball 0 ε ⊆ {x | (fun t => (f068069 fun x => t) = g i fun x => t) x}
hd0 : dist 0 0 < ε
hd1 : dist (ε / 2) 0 < ε
hd2 : dist (-(ε / 2)) 0 < ε
e0 : 0 ∈ {x | max 0 x = a 0 * x + b}
e1 : ε / 2 ∈ {x | max 0 x = a 0 * x + b}
e2 : -(ε / 2) ∈ {x | max 0 x = a 0 * x + b}
⊢ False
/Users/panda/Desktop/Lean/quick-test/harness/BridgeAll.lean:19453:8: warning: declaration uses 'sorry'
/Users/panda/Desktop/Lean/quick-test/harness/BridgeAll.lean:19455:23: warning: unused variable `hn`

Note: This linter can be disabled with `set_option linter.unusedVariables false`
/Users/panda/Desktop/Lean/quick-test/harness/BridgeAll.lean:19468:8: warning: declaration uses 'sorry'
@@BRIDGE Bridge_068_069 cpwl=SORRY_NE relun=SORRY depth=PROVED statement=SORRY
/Users/panda/Desktop/Lean/quick-test/harness/BridgeAll.lean:19573:23: warning: unused variable `hn`

Note: This linter can be disabled with `set_option linter.unusedVariables false`
@@BRIDGE Bridge_069_070 cpwl=PROVED relun=PROVED depth=PROVED statement=PROVED
/Users/panda/Desktop/Lean/quick-test/harness/BridgeAll.lean:19640:8: warning: declaration uses 'sorry'
/Users/panda/Desktop/Lean/quick-test/harness/BridgeAll.lean:19643:23: warning: unused variable `hn`

Note: This linter can be disabled with `set_option linter.unusedVariables false`
@@BRIDGE Bridge_070_071 cpwl=PROVED relun=SORRY depth=PROVED statement=SORRY
/Users/panda/Desktop/Lean/quick-test/harness/BridgeAll.lean:19669:23: warning: unused variable `hn`

Note: This linter can be disabled with `set_option linter.unusedVariables false`
/Users/panda/Desktop/Lean/quick-test/harness/BridgeAll.lean:19678:8: warning: declaration uses 'sorry'
/Users/panda/Desktop/Lean/quick-test/harness/BridgeAll.lean:19686:8: warning: declaration uses 'sorry'
/Users/panda/Desktop/Lean/quick-test/harness/BridgeAll.lean:19733:36: error: linarith failed to find a contradiction
case h.mp.h
x : Fin 1 → ℝ
h : x ∈ ![{x | x 0 ≤ 0}, {x | 0 ≤ x 0}] ⟨1, ⋯⟩
a✝ : 0 < -1 * x 0
⊢ False
failed
/Users/panda/Desktop/Lean/quick-test/harness/BridgeAll.lean:19733:36: error: linarith failed to find a contradiction
case h.mpr
x : Fin 1 → ℝ
h : -1 * x 0 ≤ 0
⊢ False
failed
/Users/panda/Desktop/Lean/quick-test/harness/BridgeAll.lean:19745:34: error: Application type mismatch: The argument
  hx
has type
  x ∈ ![{x | x 0 ≤ 0}, {x | 0 ≤ x 0}] ⟨0, ⋯⟩
but is expected to have type
  ?m.974 ≤ ?m.973
in the application
  max_eq_left hx
/Users/panda/Desktop/Lean/quick-test/harness/BridgeAll.lean:19743:4: error: unsolved goals
case refine_4.«0»
x : Fin 1 → ℝ
hx : x ∈ ![{x | x 0 ≤ 0}, {x | 0 ≤ x 0}] ⟨0, ⋯⟩
⊢ x 0 ≤ 0
/Users/panda/Desktop/Lean/quick-test/harness/BridgeAll.lean:19748:35: error: Application type mismatch: The argument
  hx
has type
  x ∈ ![{x | x 0 ≤ 0}, {x | 0 ≤ x 0}] ⟨1, ⋯⟩
but is expected to have type
  ?m.979 ≤ ?m.980
in the application
  max_eq_right hx
/Users/panda/Desktop/Lean/quick-test/harness/BridgeAll.lean:19746:4: error: unsolved goals
case refine_4.«1»
x : Fin 1 → ℝ
hx : x ∈ ![{x | x 0 ≤ 0}, {x | 0 ≤ x 0}] ⟨1, ⋯⟩
⊢ 0 ≤ x 0
/Users/panda/Desktop/Lean/quick-test/harness/BridgeAll.lean:19729:21: warning: This simp argument is unused:
  Fin.sum_univ_one

Hint: Omit it from the simp argument list.
  simp [Fin.s̵u̵m̵_̵u̵n̵i̵v̵_̵o̵n̵e̵,̵ ̵F̵i̵n̵.̵forall_fin_one]

Note: This linter can be disabled with `set_option linter.unusedSimpArgs false`
/Users/panda/Desktop/Lean/quick-test/harness/BridgeAll.lean:19729:39: warning: This simp argument is unused:
  Fin.forall_fin_one

Hint: Omit it from the simp argument list.
  simp [Fin.sum_univ_one,̵ ̵F̵i̵n̵.̵f̵o̵r̵a̵l̵l̵_̵f̵i̵n̵_̵o̵n̵e̵]

Note: This linter can be disabled with `set_option linter.unusedSimpArgs false`
/Users/panda/Desktop/Lean/quick-test/harness/BridgeAll.lean:19736:47: warning: This simp argument is unused:
  Fin.sum_univ_one

Hint: Omit it from the simp argument list.
  simp ̵[̵F̵i̵n̵.̵s̵u̵m̵_̵u̵n̵i̵v̵_̵o̵n̵e̵]̵

Note: This linter can be disabled with `set_option linter.unusedSimpArgs false`
/Users/panda/Desktop/Lean/quick-test/harness/BridgeAll.lean:19744:17: warning: This simp argument is unused:
  Set.mem_setOf_eq

Hint: Omit it from the simp argument list.
  simp only [̵S̵e̵t̵.̵m̵e̵m̵_̵s̵e̵t̵O̵f̵_̵e̵q̵]̵ ̵at hx

Note: This linter can be disabled with `set_option linter.unusedSimpArgs false`
/Users/panda/Desktop/Lean/quick-test/harness/BridgeAll.lean:19747:17: warning: This simp argument is unused:
  Set.mem_setOf_eq

Hint: Omit it from the simp argument list.
  simp only [̵S̵e̵t̵.̵m̵e̵m̵_̵s̵e̵t̵O̵f̵_̵e̵q̵]̵ ̵at hx

Note: This linter can be disabled with `set_option linter.unusedSimpArgs false`
@@BRIDGE Bridge_071_072 cpwl=SORRY_NE relun=SORRY depth=PROVED statement=SORRY
/Users/panda/Desktop/Lean/quick-test/harness/BridgeAll.lean:19787:23: warning: unused variable `hn`

Note: This linter can be disabled with `set_option linter.unusedVariables false`
/Users/panda/Desktop/Lean/quick-test/harness/BridgeAll.lean:19802:36: error: linarith failed to find a contradiction
case h.mp.h
x : Fin 1 → ℝ
h : x ∈ ![{x | 0 ≤ x 0}, {x | x 0 ≤ 0}] ⟨0, ⋯⟩
a✝ : 0 < -1 * x 0
⊢ False
failed
/Users/panda/Desktop/Lean/quick-test/harness/BridgeAll.lean:19802:36: error: linarith failed to find a contradiction
case h.mpr
x : Fin 1 → ℝ
h : -1 * x 0 ≤ 0
⊢ False
failed
/Users/panda/Desktop/Lean/quick-test/harness/BridgeAll.lean:19806:36: error: linarith failed to find a contradiction
case h.mp.h
x : Fin 1 → ℝ
h : x ∈ ![{x | 0 ≤ x 0}, {x | x 0 ≤ 0}] ⟨1, ⋯⟩
a✝ : 0 < 1 * x 0
⊢ False
failed
/Users/panda/Desktop/Lean/quick-test/harness/BridgeAll.lean:19806:36: error: linarith failed to find a contradiction
case h.mpr
x : Fin 1 → ℝ
h : 1 * x 0 ≤ 0
⊢ False
failed
/Users/panda/Desktop/Lean/quick-test/harness/BridgeAll.lean:19808:53: warning: This simp argument is unused:
  Fin.sum_univ_one

Hint: Omit it from the simp argument list.
  simp ̵[̵F̵i̵n̵.̵s̵u̵m̵_̵u̵n̵i̵v̵_̵o̵n̵e̵]̵

Note: This linter can be disabled with `set_option linter.unusedSimpArgs false`
/Users/panda/Desktop/Lean/quick-test/harness/BridgeAll.lean:19809:53: warning: This simp argument is unused:
  Fin.sum_univ_one

Hint: Omit it from the simp argument list.
  simp ̵[̵F̵i̵n̵.̵s̵u̵m̵_̵u̵n̵i̵v̵_̵o̵n̵e̵]̵

Note: This linter can be disabled with `set_option linter.unusedSimpArgs false`
/Users/panda/Desktop/Lean/quick-test/harness/BridgeAll.lean:19835:50: error(lean.unknownIdentifier): Unknown constant `Matrix.dotProduct`
/Users/panda/Desktop/Lean/quick-test/harness/BridgeAll.lean:19833:79: error: unsolved goals
S : Finset (Agent073.AffineMap 1 1)
hS : ∀ (x : Fin 1 → ℝ), ∃ T ∈ S, ∃ U ∈ nhds x, ∀ y ∈ U, kink y = T.eval y 0
T : Agent073.AffineMap 1 1
U : Set (Fin 1 → ℝ)
hU : U ∈ nhds 0
hT : ∀ y ∈ U, kink y = T.eval y 0
hcont : Continuous fun r x => r
hU0 : U ∈ nhds fun x => 0
ε : ℝ
hε : ε > 0
hball : Metric.ball 0 ε ⊆ (fun r x => r) ⁻¹' U
hmem : ∀ (r : ℝ), |r| < ε → (fun x => r) ∈ U
r : ℝ
⊢ ((fun j => T.A 0 j) ⬝ᵥ fun x => r) = T.A 0 0 * r
/Users/panda/Desktop/Lean/quick-test/harness/BridgeAll.lean:19835:69: warning: This simp argument is unused:
  Fin.sum_univ_one

Hint: Omit it from the simp argument list.
  simp [Agent073.AffineMap.eval, Matrix.mulVec, Matrix.dotProduct,̵ ̵F̵i̵n̵.̵s̵u̵m̵_̵u̵n̵i̵v̵_̵o̵n̵e̵]

Note: This linter can be disabled with `set_option linter.unusedSimpArgs false`
/Users/panda/Desktop/Lean/quick-test/harness/BridgeAll.lean:19873:8: warning: declaration uses 'sorry'
/Users/panda/Desktop/Lean/quick-test/harness/BridgeAll.lean:19884:8: warning: declaration uses 'sorry'
@@BRIDGE Bridge_072_073 cpwl=SORRY_NE relun=SORRY depth=PROVED statement=SORRY
/Users/panda/Desktop/Lean/quick-test/harness/BridgeAll.lean:19946:73: error: linarith failed to find a contradiction
case h
h : Agent073.CPWL 1 = Agent074.CPWL 1
hcont : Continuous kink
hmem74 : kink ∈ Agent074.CPWL 1
S : Finset (Agent073.AffineMap 1 1)
hS : ∀ (x : Fin 1 → ℝ), ∃ T ∈ S, ∃ U ∈ nhds x, ∀ y ∈ U, kink y = T.eval y 0
T : Agent073.AffineMap 1 1
U : Set (Fin 1 → ℝ)
hU : U ∈ nhds fun x => 0
hT : ∀ y ∈ U, kink y = T.eval y 0
hcm : Continuous fun t x => t
ε : ℝ
hε : ε > 0
hsub : Metric.ball 0 ε ⊆ (fun t x => t) ⁻¹' U
hδ : 0 < ε / 2
h0 : (fun x => 0) ∈ U
a✝ : ε ≤ |ε / 2 - 0|
⊢ False
failed
/Users/panda/Desktop/Lean/quick-test/harness/BridgeAll.lean:19950:8: error: linarith failed to find a contradiction
case h
h : Agent073.CPWL 1 = Agent074.CPWL 1
hcont : Continuous kink
hmem74 : kink ∈ Agent074.CPWL 1
S : Finset (Agent073.AffineMap 1 1)
hS : ∀ (x : Fin 1 → ℝ), ∃ T ∈ S, ∃ U ∈ nhds x, ∀ y ∈ U, kink y = T.eval y 0
T : Agent073.AffineMap 1 1
U : Set (Fin 1 → ℝ)
hU : U ∈ nhds fun x => 0
hT : ∀ y ∈ U, kink y = T.eval y 0
hcm : Continuous fun t x => t
ε : ℝ
hε : ε > 0
hsub : Metric.ball 0 ε ⊆ (fun t x => t) ⁻¹' U
hδ : 0 < ε / 2
h0 : (fun x => 0) ∈ U
h1 : (fun x => ε / 2) ∈ U
a✝ : ε ≤ |-(ε / 2) - 0|
⊢ False
failed
/Users/panda/Desktop/Lean/quick-test/harness/BridgeAll.lean:19954:21: error: Application type mismatch: The argument
  AffineMap
has type
  (k : Type ?u.605196) →
    {V1 : Type ?u.605195} →
      (P1 : Type ?u.605194) →
        {V2 : Type ?u.605193} →
          (P2 : Type ?u.605192) →
            [inst : Ring k] →
              [inst_1 : AddCommGroup V1] →
                [Module k V1] →
                  [AddTorsor V1 P1] →
                    [inst_4 : AddCommGroup V2] →
                      [Module k V2] → [AddTorsor V2 P2] → Type (max (max (max ?u.605195 ?u.605194) ?u.605193) ?u.605192)
but is expected to have type
  ?m.563 → Sort ?u.605197
in the application
  @Function.eval ?m.563 AffineMap
/Users/panda/Desktop/Lean/quick-test/harness/BridgeAll.lean:19960:4: error: linarith failed to find a contradiction
h : Agent073.CPWL 1 = Agent074.CPWL 1
hcont : Continuous kink
hmem74 : kink ∈ Agent074.CPWL 1
S : Finset (Agent073.AffineMap 1 1)
hS : ∀ (x : Fin 1 → ℝ), ∃ T ∈ S, ∃ U ∈ nhds x, ∀ y ∈ U, kink y = T.eval y 0
T : Agent073.AffineMap 1 1
U : Set (Fin 1 → ℝ)
hU : U ∈ nhds fun x => 0
hT : ∀ y ∈ U, kink y = T.eval y 0
hcm : Continuous fun t x => t
ε : ℝ
hε : ε > 0
hsub : Metric.ball 0 ε ⊆ (fun t x => t) ⁻¹' U
hδ : 0 < ε / 2
h0 : (fun x => 0) ∈ U
h1 : (fun x => ε / 2) ∈ U
h2 : (fun x => -(ε / 2)) ∈ U
e0 : 0 = T.eval (fun x => 0) 0
e1 : ε / 2 = T.eval (fun x => ε / 2) 0
e2 : 0 = T.eval (fun x => -(ε / 2)) 0
m0 : max 0 0 = 0
m1 : max 0 (ε / 2) = ε / 2
m2 : max 0 (-(ε / 2)) = 0
⊢ False
failed
/Users/panda/Desktop/Lean/quick-test/harness/BridgeAll.lean:19928:66: warning: This simp argument is unused:
  Fin.sum_univ_one

Hint: Omit it from the simp argument list.
  simp ̵[̵F̵i̵n̵.̵s̵u̵m̵_̵u̵n̵i̵v̵_̵o̵n̵e̵]̵

Note: This linter can be disabled with `set_option linter.unusedSimpArgs false`
/Users/panda/Desktop/Lean/quick-test/harness/BridgeAll.lean:19946:57: warning: This simp argument is unused:
  abs_of_pos hδ

Hint: Omit it from the simp argument list.
  simp only [Metric.mem_ball, Real.dist_eq,̵ ̵a̵b̵s̵_̵o̵f̵_̵p̵o̵s̵ ̵h̵δ̵]

Note: This linter can be disabled with `set_option linter.unusedSimpArgs false`
/Users/panda/Desktop/Lean/quick-test/harness/BridgeAll.lean:19949:50: warning: This simp argument is unused:
  abs_of_neg (show -(ε / 2) < (0 : ℝ) by linarith)

Hint: Omit it from the simp argument list.
  simp only [Metric.mem_ball, Real.dist_eq,̵ ̵a̵b̵s̵_̵o̵f̵_̵n̵e̵g̵ ̵(̵s̵h̵o̵w̵ ̵-̵(̵ε̵/̵2̵)̵ ̵<̵ ̵(̵0̵:̵ℝ̵)̵ ̵b̵y̵ ̵l̵i̵n̵a̵r̵i̵t̵h̵)̵]

Note: This linter can be disabled with `set_option linter.unusedSimpArgs false`
/Users/panda/Desktop/Lean/quick-test/harness/BridgeAll.lean:19954:37: warning: This simp argument is unused:
  Matrix.mulVec

Hint: Omit it from the simp argument list.
  simp only [kink, AffineMap.eval, M̵a̵t̵r̵i̵x̵.̵m̵u̵l̵V̵e̵c̵,̵ ̵dotProduct, Fin.sum_univ_one, Pi.add_apply] at e0 e1 e2

Note: This linter can be disabled with `set_option linter.unusedSimpArgs false`
/Users/panda/Desktop/Lean/quick-test/harness/BridgeAll.lean:19954:52: warning: This simp argument is unused:
  dotProduct

Hint: Omit it from the simp argument list.
  simp only [kink, AffineMap.eval, Matrix.mulVec, d̵o̵t̵P̵r̵o̵d̵u̵c̵t̵,̵ ̵Fin.sum_univ_one,
  ̵  ̵ ̵ ̵ ̵ ̵Pi.add_apply] at e0 e1 e2

Note: This linter can be disabled with `set_option linter.unusedSimpArgs false`
/Users/panda/Desktop/Lean/quick-test/harness/BridgeAll.lean:19954:64: warning: This simp argument is unused:
  Fin.sum_univ_one

Hint: Omit it from the simp argument list.
  simp only [kink, AffineMap.eval, Matrix.mulVec, dotProduct, F̵i̵n̵.̵s̵u̵m̵_̵u̵n̵i̵v̵_̵o̵n̵e̵,̵
  ̵ ̵ ̵ ̵ ̵ ̵ ̵Pi.add_apply] at e0 e1 e2

Note: This linter can be disabled with `set_option linter.unusedSimpArgs false`
/Users/panda/Desktop/Lean/quick-test/harness/BridgeAll.lean:19955:6: warning: This simp argument is unused:
  Pi.add_apply

Hint: Omit it from the simp argument list.
  simp only [kink, AffineMap.eval, Matrix.mulVec, dotProduct, Fin.sum_univ_one,̵
  ̵ ̵ ̵ ̵ ̵ ̵ ̵P̵i̵.̵a̵d̵d̵_̵a̵p̵p̵l̵y̵] at e0 e1 e2

Note: This linter can be disabled with `set_option linter.unusedSimpArgs false`
/Users/panda/Desktop/Lean/quick-test/harness/BridgeAll.lean:19966:23: warning: unused variable `hn`

Note: This linter can be disabled with `set_option linter.unusedVariables false`
/Users/panda/Desktop/Lean/quick-test/harness/BridgeAll.lean:19975:8: warning: declaration uses 'sorry'
/Users/panda/Desktop/Lean/quick-test/harness/BridgeAll.lean:19980:8: warning: declaration uses 'sorry'
@@BRIDGE Bridge_073_074 cpwl=SORRY_NE relun=SORRY depth=PROVED statement=SORRY
/Users/panda/Desktop/Lean/quick-test/harness/BridgeAll.lean:19995:23: warning: unused variable `hn`

Note: This linter can be disabled with `set_option linter.unusedVariables false`
/Users/panda/Desktop/Lean/quick-test/harness/BridgeAll.lean:20053:70: warning: This simp argument is unused:
  Fin.sum_univ_one

Hint: Omit it from the simp argument list.
  simp [halfG,̵ ̵F̵i̵n̵.̵s̵u̵m̵_̵u̵n̵i̵v̵_̵o̵n̵e̵]

Note: This linter can be disabled with `set_option linter.unusedSimpArgs false`
/Users/panda/Desktop/Lean/quick-test/harness/BridgeAll.lean:20074:33: warning: This simp argument is unused:
  Fin.sum_univ_one

Hint: Omit it from the simp argument list.
  simp [c0,̵ ̵F̵i̵n̵.̵s̵u̵m̵_̵u̵n̵i̵v̵_̵o̵n̵e̵]

Note: This linter can be disabled with `set_option linter.unusedSimpArgs false`
/Users/panda/Desktop/Lean/quick-test/harness/BridgeAll.lean:20116:8: warning: declaration uses 'sorry'
/Users/panda/Desktop/Lean/quick-test/harness/BridgeAll.lean:20131:8: warning: declaration uses 'sorry'
@@BRIDGE Bridge_074_075 cpwl=REFUTED relun=SORRY depth=PROVED statement=SORRY
/Users/panda/Desktop/Lean/quick-test/harness/BridgeAll.lean:20200:23: warning: unused variable `hn`

Note: This linter can be disabled with `set_option linter.unusedVariables false`
/Users/panda/Desktop/Lean/quick-test/harness/BridgeAll.lean:20206:8: warning: declaration uses 'sorry'
/Users/panda/Desktop/Lean/quick-test/harness/BridgeAll.lean:20213:8: warning: declaration uses 'sorry'
@@BRIDGE Bridge_075_076 cpwl=PROVED relun=SORRY depth=PROVED statement=SORRY
/Users/panda/Desktop/Lean/quick-test/harness/BridgeAll.lean:20250:49: error(lean.unknownIdentifier): Unknown constant `Matrix.dotProduct`
/Users/panda/Desktop/Lean/quick-test/harness/BridgeAll.lean:20249:64: error: unsolved goals
n : ℕ
f : (Fin n → ℝ) → ℝ
a : Fin n → ℝ
c : ℝ
ha : ∀ (x : Fin n → ℝ), f x = c + ∑ i, a i * x i
x : Fin n → ℝ
⊢ (fun j => a j) ⬝ᵥ x = ∑ j, a j * x j
/Users/panda/Desktop/Lean/quick-test/harness/BridgeAll.lean:20255:49: error(lean.unknownIdentifier): Unknown constant `Matrix.dotProduct`
/Users/panda/Desktop/Lean/quick-test/harness/BridgeAll.lean:20254:58: error: unsolved goals
n : ℕ
f : (Fin n → ℝ) → ℝ
T : Agent077.Affine n 1
hT : ∀ (x : Fin n → ℝ), f x = T.eval x 0
x : Fin n → ℝ
⊢ (fun j => T.A 0 j) ⬝ᵥ x = ∑ j, T.A 0 j * x j
/Users/panda/Desktop/Lean/quick-test/harness/BridgeAll.lean:20280:62: error: unsolved goals
k' n : ℕ
f : (Fin n → ℝ) → ℝ
m : ℕ
T : (Fin n → ℝ) → Fin m → ℝ
g : (Fin m → ℝ) → ℝ
hT : Agent076.IsAffineMap T
hg : Agent076.ComputesWithHiddenLayers k' m g
hf : ∀ (x : Fin n → ℝ), f x = g (Agent076.reluVec (T x))
S : Agent077.Affine n m
hS : ∀ (x : Fin n → ℝ), T x = S.eval x
x : Fin n → ℝ
⊢ g (Agent076.reluVec (S.eval x)) = g (Agent077.reluVec (S.eval x))
/Users/panda/Desktop/Lean/quick-test/harness/BridgeAll.lean:20306:23: warning: unused variable `hn`

Note: This linter can be disabled with `set_option linter.unusedVariables false`
@@BRIDGE Bridge_076_077 cpwl=PROVED relun=SORRY depth=PROVED statement=SORRY
/Users/panda/Desktop/Lean/quick-test/harness/BridgeAll.lean:20357:23: warning: unused variable `hn`

Note: This linter can be disabled with `set_option linter.unusedVariables false`
/Users/panda/Desktop/Lean/quick-test/harness/BridgeAll.lean:20403:8: warning: declaration uses 'sorry'
/Users/panda/Desktop/Lean/quick-test/harness/BridgeAll.lean:20412:8: warning: declaration uses 'sorry'
@@BRIDGE Bridge_077_078 cpwl=PROVED relun=SORRY depth=PROVED statement=SORRY
/Users/panda/Desktop/Lean/quick-test/harness/BridgeAll.lean:20453:23: warning: unused variable `hn`

Note: This linter can be disabled with `set_option linter.unusedVariables false`
/Users/panda/Desktop/Lean/quick-test/harness/BridgeAll.lean:20466:8: warning: declaration uses 'sorry'
/Users/panda/Desktop/Lean/quick-test/harness/BridgeAll.lean:20473:8: warning: declaration uses 'sorry'
@@BRIDGE Bridge_078_079 cpwl=PROVED relun=SORRY depth=PROVED statement=SORRY
/Users/panda/Desktop/Lean/quick-test/harness/BridgeAll.lean:20509:23: warning: unused variable `hn`

Note: This linter can be disabled with `set_option linter.unusedVariables false`
/Users/panda/Desktop/Lean/quick-test/harness/BridgeAll.lean:20567:8: warning: declaration uses 'sorry'
/Users/panda/Desktop/Lean/quick-test/harness/BridgeAll.lean:20575:8: warning: declaration uses 'sorry'
@@BRIDGE Bridge_079_080 cpwl=PROVED relun=SORRY depth=PROVED statement=SORRY
/Users/panda/Desktop/Lean/quick-test/harness/BridgeAll.lean:20587:23: warning: unused variable `hn`

Note: This linter can be disabled with `set_option linter.unusedVariables false`
/Users/panda/Desktop/Lean/quick-test/harness/BridgeAll.lean:20625:65: error: linarith failed to find a contradiction
case refine_2.«1».h.mp.«0».h
heq : Agent080.CPWL 1 = Agent081.CPWL 1
x : Fin 1 → ℝ
hx : x ∈ ![{x | x 0 ≤ 0}, {x | 0 ≤ x 0}] ⟨1, ⋯⟩
a✝ : 0 < -1 * x 0
⊢ False
failed
/Users/panda/Desktop/Lean/quick-test/harness/BridgeAll.lean:20629:10: error: linarith failed to find a contradiction
case refine_2.«1».h.mpr
heq : Agent080.CPWL 1 = Agent081.CPWL 1
x : Fin 1 → ℝ
hx : ∀ (j : Fin 1), ∑ x_1, -1 * x x_1 ≤ 0
h0 : -1 * x 0 ≤ 0
⊢ False
failed
/Users/panda/Desktop/Lean/quick-test/harness/BridgeAll.lean:20635:51: error(lean.unknownIdentifier): Unknown constant `Matrix.dotProduct`
/Users/panda/Desktop/Lean/quick-test/harness/BridgeAll.lean:20636:40: error: Application type mismatch: The argument
  hx
has type
  x ∈ ![{x | x 0 ≤ 0}, {x | 0 ≤ x 0}] ⟨0, ⋯⟩
but is expected to have type
  ?m.1035 ≤ ?m.1034
in the application
  max_eq_left hx
/Users/panda/Desktop/Lean/quick-test/harness/BridgeAll.lean:20632:6: error: unsolved goals
case refine_3.«0»
heq : Agent080.CPWL 1 = Agent081.CPWL 1
x : Fin 1 → ℝ
hx : x ∈ ![{x | x 0 ≤ 0}, {x | 0 ≤ x 0}] ⟨0, ⋯⟩
⊢ x 0 ≤ 0
/Users/panda/Desktop/Lean/quick-test/harness/BridgeAll.lean:20640:51: error(lean.unknownIdentifier): Unknown constant `Matrix.dotProduct`
/Users/panda/Desktop/Lean/quick-test/harness/BridgeAll.lean:20641:41: error: Application type mismatch: The argument
  hx
has type
  x ∈ ![{x | x 0 ≤ 0}, {x | 0 ≤ x 0}] ⟨1, ⋯⟩
but is expected to have type
  ?m.1041 ≤ ?m.1042
in the application
  max_eq_right hx
/Users/panda/Desktop/Lean/quick-test/harness/BridgeAll.lean:20637:6: error: unsolved goals
case refine_3.«1»
heq : Agent080.CPWL 1 = Agent081.CPWL 1
x : Fin 1 → ℝ
hx : x ∈ ![{x | x 0 ≤ 0}, {x | 0 ≤ x 0}] ⟨1, ⋯⟩
⊢ max 0 (x 0) = (fun j => 1) ⬝ᵥ x
/Users/panda/Desktop/Lean/quick-test/harness/BridgeAll.lean:20612:42: warning: This simp argument is unused:
  Matrix.head_cons

Hint: Omit it from the simp argument list.
  simp only [Matrix.cons_val_one, M̵a̵t̵r̵i̵x̵.̵h̵e̵a̵d̵_̵c̵o̵n̵s̵,̵ ̵Set.mem_setOf_eq]

Note: This linter can be disabled with `set_option linter.unusedSimpArgs false`
/Users/panda/Desktop/Lean/quick-test/harness/BridgeAll.lean:20612:60: warning: This simp argument is unused:
  Set.mem_setOf_eq

Hint: Omit it from the simp argument list.
  simp only [Matrix.cons_val_one, Matrix.head_cons,̵ ̵S̵e̵t̵.̵m̵e̵m̵_̵s̵e̵t̵O̵f̵_̵e̵q̵]

Note: This linter can be disabled with `set_option linter.unusedSimpArgs false`
/Users/panda/Desktop/Lean/quick-test/harness/BridgeAll.lean:20617:19: warning: This simp argument is unused:
  Matrix.cons_val_zero

Hint: Omit it from the simp argument list.
  simp only [M̵a̵t̵r̵i̵x̵.̵c̵o̵n̵s̵_̵v̵a̵l̵_̵z̵e̵r̵o̵,̵ ̵Set.mem_setOf_eq]

Note: This linter can be disabled with `set_option linter.unusedSimpArgs false`
/Users/panda/Desktop/Lean/quick-test/harness/BridgeAll.lean:20623:19: warning: This simp argument is unused:
  Matrix.cons_val_one

Hint: Omit it from the simp argument list.
  simp only [Matrix.c̵o̵n̵s̵_̵v̵a̵l̵_̵o̵n̵e̵,̵ ̵M̵a̵t̵r̵i̵x̵.̵head_cons, Set.mem_setOf_eq]

Note: This linter can be disabled with `set_option linter.unusedSimpArgs false`
/Users/panda/Desktop/Lean/quick-test/harness/BridgeAll.lean:20623:40: warning: This simp argument is unused:
  Matrix.head_cons

Hint: Omit it from the simp argument list.
  simp only [Matrix.cons_val_one, M̵a̵t̵r̵i̵x̵.̵h̵e̵a̵d̵_̵c̵o̵n̵s̵,̵ ̵Set.mem_setOf_eq]

Note: This linter can be disabled with `set_option linter.unusedSimpArgs false`
/Users/panda/Desktop/Lean/quick-test/harness/BridgeAll.lean:20633:19: warning: This simp argument is unused:
  Matrix.cons_val_zero

Hint: Omit it from the simp argument list.
  simp only [M̵a̵t̵r̵i̵x̵.̵c̵o̵n̵s̵_̵v̵a̵l̵_̵z̵e̵r̵o̵,̵ ̵Set.mem_setOf_eq] at hx

Note: This linter can be disabled with `set_option linter.unusedSimpArgs false`
/Users/panda/Desktop/Lean/quick-test/harness/BridgeAll.lean:20633:41: warning: This simp argument is unused:
  Set.mem_setOf_eq

Hint: Omit it from the simp argument list.
  simp only [Matrix.cons_val_zero,̵ ̵S̵e̵t̵.̵m̵e̵m̵_̵s̵e̵t̵O̵f̵_̵e̵q̵] at hx

Note: This linter can be disabled with `set_option linter.unusedSimpArgs false`
/Users/panda/Desktop/Lean/quick-test/harness/BridgeAll.lean:20634:19: warning: This simp argument is unused:
  Matrix.cons_val_zero

Hint: Omit it from the simp argument list.
  simp only ̵[̵M̵a̵t̵r̵i̵x̵.̵c̵o̵n̵s̵_̵v̵a̵l̵_̵z̵e̵r̵o̵]̵

Note: This linter can be disabled with `set_option linter.unusedSimpArgs false`
/Users/panda/Desktop/Lean/quick-test/harness/BridgeAll.lean:20636:10: warning: This simp argument is unused:
  Fin.sum_univ_one

Hint: Omit it from the simp argument list.
  simp [Agent081.Affine.eval, Matrix.mulVec, Matrix.dotProduct, F̵i̵n̵.̵s̵u̵m̵_̵u̵n̵i̵v̵_̵o̵n̵e̵,̵ ̵max_eq_left hx]

Note: This linter can be disabled with `set_option linter.unusedSimpArgs false`
/Users/panda/Desktop/Lean/quick-test/harness/BridgeAll.lean:20638:19: warning: This simp argument is unused:
  Matrix.cons_val_one

Hint: Omit it from the simp argument list.
  simp only [Matrix.c̵o̵n̵s̵_̵v̵a̵l̵_̵o̵n̵e̵,̵ ̵M̵a̵t̵r̵i̵x̵.̵head_cons, Set.mem_setOf_eq] at hx

Note: This linter can be disabled with `set_option linter.unusedSimpArgs false`
/Users/panda/Desktop/Lean/quick-test/harness/BridgeAll.lean:20638:40: warning: This simp argument is unused:
  Matrix.head_cons

Hint: Omit it from the simp argument list.
  simp only [Matrix.cons_val_one, M̵a̵t̵r̵i̵x̵.̵h̵e̵a̵d̵_̵c̵o̵n̵s̵,̵ ̵Set.mem_setOf_eq] at hx

Note: This linter can be disabled with `set_option linter.unusedSimpArgs false`
/Users/panda/Desktop/Lean/quick-test/harness/BridgeAll.lean:20638:58: warning: This simp argument is unused:
  Set.mem_setOf_eq

Hint: Omit it from the simp argument list.
  simp only [Matrix.cons_val_one, Matrix.head_cons,̵ ̵S̵e̵t̵.̵m̵e̵m̵_̵s̵e̵t̵O̵f̵_̵e̵q̵] at hx

Note: This linter can be disabled with `set_option linter.unusedSimpArgs false`
/Users/panda/Desktop/Lean/quick-test/harness/BridgeAll.lean:20639:19: warning: This simp argument is unused:
  Matrix.cons_val_one

Hint: Omit it from the simp argument list.
  simp only [Matrix.c̵o̵n̵s̵_̵v̵a̵l̵_̵o̵n̵e̵,̵ ̵M̵a̵t̵r̵i̵x̵.̵head_cons]

Note: This linter can be disabled with `set_option linter.unusedSimpArgs false`
/Users/panda/Desktop/Lean/quick-test/harness/BridgeAll.lean:20639:40: warning: This simp argument is unused:
  Matrix.head_cons

Hint: Omit it from the simp argument list.
  simp only [Matrix.cons_val_one,̵ ̵M̵a̵t̵r̵i̵x̵.̵h̵e̵a̵d̵_̵c̵o̵n̵s̵]

Note: This linter can be disabled with `set_option linter.unusedSimpArgs false`
/Users/panda/Desktop/Lean/quick-test/harness/BridgeAll.lean:20641:10: warning: This simp argument is unused:
  Fin.sum_univ_one

Hint: Omit it from the simp argument list.
  simp [Agent081.Affine.eval, Matrix.mulVec, Matrix.dotProduct, F̵i̵n̵.̵s̵u̵m̵_̵u̵n̵i̵v̵_̵o̵n̵e̵,̵ ̵max_eq_right hx]

Note: This linter can be disabled with `set_option linter.unusedSimpArgs false`
/Users/panda/Desktop/Lean/quick-test/harness/BridgeAll.lean:20679:8: warning: declaration uses 'sorry'
/Users/panda/Desktop/Lean/quick-test/harness/BridgeAll.lean:20685:8: warning: declaration uses 'sorry'
@@BRIDGE Bridge_080_081 cpwl=SORRY_NE relun=SORRY depth=PROVED statement=SORRY
/Users/panda/Desktop/Lean/quick-test/harness/BridgeAll.lean:20699:23: warning: unused variable `hn`

Note: This linter can be disabled with `set_option linter.unusedVariables false`
/Users/panda/Desktop/Lean/quick-test/harness/BridgeAll.lean:20755:8: warning: declaration uses 'sorry'
/Users/panda/Desktop/Lean/quick-test/harness/BridgeAll.lean:20761:8: warning: declaration uses 'sorry'
@@BRIDGE Bridge_081_082 cpwl=SORRY relun=PROVED depth=PROVED statement=SORRY
/Users/panda/Desktop/Lean/quick-test/harness/BridgeAll.lean:20773:23: warning: unused variable `hn`

Note: This linter can be disabled with `set_option linter.unusedVariables false`
/Users/panda/Desktop/Lean/quick-test/harness/BridgeAll.lean:20798:46: warning: This simp argument is unused:
  Fin.sum_univ_one

Hint: Omit it from the simp argument list.
  simp ̵[̵F̵i̵n̵.̵s̵u̵m̵_̵u̵n̵i̵v̵_̵o̵n̵e̵]̵

Note: This linter can be disabled with `set_option linter.unusedSimpArgs false`
/Users/panda/Desktop/Lean/quick-test/harness/BridgeAll.lean:20817:28: warning: This simp argument is unused:
  if_pos (rfl : (0 : Fin 2) = 0)

Hint: Omit it from the simp argument list.
  simp only [pieces083, i̵f̵_̵p̵o̵s̵ ̵(̵r̵f̵l̵ ̵:̵ ̵(̵0̵ ̵:̵ ̵F̵i̵n̵ ̵2̵)̵ ̵=̵ ̵0̵)̵,̵ ̵Set.mem_setOf_eq]

Note: This linter can be disabled with `set_option linter.unusedSimpArgs false`
/Users/panda/Desktop/Lean/quick-test/harness/BridgeAll.lean:20817:60: warning: This simp argument is unused:
  Set.mem_setOf_eq

Hint: Omit it from the simp argument list.
  simp only [pieces083, if_pos (rfl : (0 : Fin 2) = 0),̵ ̵S̵e̵t̵.̵m̵e̵m̵_̵s̵e̵t̵O̵f̵_̵e̵q̵]

Note: This linter can be disabled with `set_option linter.unusedSimpArgs false`
/Users/panda/Desktop/Lean/quick-test/harness/BridgeAll.lean:20864:8: warning: declaration uses 'sorry'
/Users/panda/Desktop/Lean/quick-test/harness/BridgeAll.lean:20870:8: warning: declaration uses 'sorry'
@@BRIDGE Bridge_082_083 cpwl=REFUTED relun=SORRY depth=PROVED statement=SORRY
/Users/panda/Desktop/Lean/quick-test/harness/BridgeAll.lean:20884:23: warning: unused variable `hn`

Note: This linter can be disabled with `set_option linter.unusedVariables false`
/Users/panda/Desktop/Lean/quick-test/harness/BridgeAll.lean:20906:52: error(lean.unknownIdentifier): Unknown constant `Matrix.dotProduct`
/Users/panda/Desktop/Lean/quick-test/harness/BridgeAll.lean:20917:21: error(lean.unknownIdentifier): Unknown constant `Matrix.dotProduct`
/Users/panda/Desktop/Lean/quick-test/harness/BridgeAll.lean:20918:4: error: linarith failed to find a contradiction
case output
hEq : Agent083.ReLUn 1 0 = Agent084.ReLUn 1 0
f : (Fin 1 → ℝ) → ℝ := fun x => x 0 * x 0
hf : f = fun x => x 0 * x 0
hmem84 : f ∈ Agent084.ReLUn 1 0
hj0 : 0 ≤ 0
T : Agent083.AffineTransform 1 1
hx : ∀ (x : Fin 1 → ℝ), f x = (Agent083.ReLUNet.output T).eval x
h0 : 0 * 0 = ((fun j => T.A 0 j) ⬝ᵥ fun x => 0) + T.c 0
h1 : 1 * 1 = ((fun j => T.A 0 j) ⬝ᵥ fun x => 1) + T.c 0
h2 : 2 * 2 = ((fun j => T.A 0 j) ⬝ᵥ fun x => 2) + T.c 0
⊢ False
failed
/Users/panda/Desktop/Lean/quick-test/harness/BridgeAll.lean:20917:40: warning: This simp argument is unused:
  Fin.sum_univ_one

Hint: Omit it from the simp argument list.
  simp only [hf, Agent083.ReLUNet.eval, Agent083.AffineTransform.apply, Pi.add_apply,
        Matrix.mulVec, Matrix.dotProduct,̵ ̵F̵i̵n̵.̵s̵u̵m̵_̵u̵n̵i̵v̵_̵o̵n̵e̵] at h0 h1 h2

Note: This linter can be disabled with `set_option linter.unusedSimpArgs false`
/Users/panda/Desktop/Lean/quick-test/harness/BridgeAll.lean:20934:8: warning: declaration uses 'sorry'
/Users/panda/Desktop/Lean/quick-test/harness/BridgeAll.lean:20942:8: warning: declaration uses 'sorry'
@@BRIDGE Bridge_083_084 cpwl=SORRY relun=SORRY_NE depth=PROVED statement=SORRY
/Users/panda/Desktop/Lean/quick-test/harness/BridgeAll.lean:20993:23: warning: unused variable `hn`

Note: This linter can be disabled with `set_option linter.unusedVariables false`
/Users/panda/Desktop/Lean/quick-test/harness/BridgeAll.lean:21002:8: warning: declaration uses 'sorry'
/Users/panda/Desktop/Lean/quick-test/harness/BridgeAll.lean:21015:8: warning: declaration uses 'sorry'
@@BRIDGE Bridge_084_085 cpwl=SORRY relun=SORRY depth=PROVED statement=SORRY
/Users/panda/Desktop/Lean/quick-test/harness/BridgeAll.lean:21064:23: warning: unused variable `hn`

Note: This linter can be disabled with `set_option linter.unusedVariables false`
/Users/panda/Desktop/Lean/quick-test/harness/BridgeAll.lean:21074:8: warning: declaration uses 'sorry'
/Users/panda/Desktop/Lean/quick-test/harness/BridgeAll.lean:21084:8: warning: declaration uses 'sorry'
/Users/panda/Desktop/Lean/quick-test/harness/BridgeAll.lean:21095:8: warning: declaration uses 'sorry'
@@BRIDGE Bridge_085_086 cpwl=SORRY relun=SORRY depth=PROVED statement=SORRY
/Users/panda/Desktop/Lean/quick-test/harness/BridgeAll.lean:21133:34: error: linarith failed to find a contradiction
case refine_1.«0».h.mp.h
x : Fin 1 → ℝ
h : x ∈ ![{x | 0 ≤ x 0}, {x | x 0 ≤ 0}] ⟨0, ⋯⟩
a✝ : 0 < -1 * x 0
⊢ False
failed
/Users/panda/Desktop/Lean/quick-test/harness/BridgeAll.lean:21133:34: error: linarith failed to find a contradiction
case refine_1.«0».h.mpr
x : Fin 1 → ℝ
h : -1 * x 0 ≤ 0
⊢ False
failed
/Users/panda/Desktop/Lean/quick-test/harness/BridgeAll.lean:21134:4: error: unsolved goals
case refine_1.«1».h
x : Fin 1 → ℝ
⊢ x ∈ ![{x | 0 ≤ x 0}, {x | x 0 ≤ 0}] ⟨1, ⋯⟩ ↔ 1 * x 0 ≤ 0
/Users/panda/Desktop/Lean/quick-test/harness/BridgeAll.lean:21147:49: error: Application type mismatch: The argument
  hx
has type
  x ∈ ![{x | 0 ≤ x 0}, {x | x 0 ≤ 0}] ⟨0, ⋯⟩
but is expected to have type
  ?m.715 ≤ ?m.716
in the application
  max_eq_right hx
/Users/panda/Desktop/Lean/quick-test/harness/BridgeAll.lean:21145:4: error: unsolved goals
case refine_3.«0»
x : Fin 1 → ℝ
hx : x ∈ ![{x | 0 ≤ x 0}, {x | x 0 ≤ 0}] ⟨0, ⋯⟩
⊢ 0 ≤ x 0
/Users/panda/Desktop/Lean/quick-test/harness/BridgeAll.lean:21150:48: error: Application type mismatch: The argument
  hx
has type
  x ∈ ![{x | 0 ≤ x 0}, {x | x 0 ≤ 0}] ⟨1, ⋯⟩
but is expected to have type
  ?m.722 ≤ ?m.721
in the application
  max_eq_left hx
/Users/panda/Desktop/Lean/quick-test/harness/BridgeAll.lean:21148:4: error: unsolved goals
case refine_3.«1»
x : Fin 1 → ℝ
hx : x ∈ ![{x | 0 ≤ x 0}, {x | x 0 ≤ 0}] ⟨1, ⋯⟩
⊢ x 0 ≤ 0
/Users/panda/Desktop/Lean/quick-test/harness/BridgeAll.lean:21146:17: warning: This simp argument is unused:
  Matrix.cons_val_zero

Hint: Omit it from the simp argument list.
  simp only [M̵a̵t̵r̵i̵x̵.̵c̵o̵n̵s̵_̵v̵a̵l̵_̵z̵e̵r̵o̵,̵ ̵Set.mem_setOf_eq] at hx

Note: This linter can be disabled with `set_option linter.unusedSimpArgs false`
/Users/panda/Desktop/Lean/quick-test/harness/BridgeAll.lean:21146:39: warning: This simp argument is unused:
  Set.mem_setOf_eq

Hint: Omit it from the simp argument list.
  simp only [Matrix.cons_val_zero,̵ ̵S̵e̵t̵.̵m̵e̵m̵_̵s̵e̵t̵O̵f̵_̵e̵q̵] at hx

Note: This linter can be disabled with `set_option linter.unusedSimpArgs false`
/Users/panda/Desktop/Lean/quick-test/harness/BridgeAll.lean:21147:18: warning: This simp argument is unused:
  Fin.sum_univ_one

Hint: Omit it from the simp argument list.
  simp [kink, F̵i̵n̵.̵s̵u̵m̵_̵u̵n̵i̵v̵_̵o̵n̵e̵,̵ ̵max_eq_right hx]

Note: This linter can be disabled with `set_option linter.unusedSimpArgs false`
/Users/panda/Desktop/Lean/quick-test/harness/BridgeAll.lean:21149:17: warning: This simp argument is unused:
  Matrix.cons_val_one

Hint: Omit it from the simp argument list.
  simp only [Matrix.c̵o̵n̵s̵_̵v̵a̵l̵_̵o̵n̵e̵,̵ ̵M̵a̵t̵r̵i̵x̵.̵head_cons, Set.mem_setOf_eq] at hx

Note: This linter can be disabled with `set_option linter.unusedSimpArgs false`
/Users/panda/Desktop/Lean/quick-test/harness/BridgeAll.lean:21149:38: warning: This simp argument is unused:
  Matrix.head_cons

Hint: Omit it from the simp argument list.
  simp only [Matrix.cons_val_one, M̵a̵t̵r̵i̵x̵.̵h̵e̵a̵d̵_̵c̵o̵n̵s̵,̵ ̵Set.mem_setOf_eq] at hx

Note: This linter can be disabled with `set_option linter.unusedSimpArgs false`
/Users/panda/Desktop/Lean/quick-test/harness/BridgeAll.lean:21149:56: warning: This simp argument is unused:
  Set.mem_setOf_eq

Hint: Omit it from the simp argument list.
  simp only [Matrix.cons_val_one, Matrix.head_cons,̵ ̵S̵e̵t̵.̵m̵e̵m̵_̵s̵e̵t̵O̵f̵_̵e̵q̵] at hx

Note: This linter can be disabled with `set_option linter.unusedSimpArgs false`
/Users/panda/Desktop/Lean/quick-test/harness/BridgeAll.lean:21150:18: warning: This simp argument is unused:
  Fin.sum_univ_one

Hint: Omit it from the simp argument list.
  simp [kink, F̵i̵n̵.̵s̵u̵m̵_̵u̵n̵i̵v̵_̵o̵n̵e̵,̵ ̵max_eq_left hx]

Note: This linter can be disabled with `set_option linter.unusedSimpArgs false`
/Users/panda/Desktop/Lean/quick-test/harness/BridgeAll.lean:21165:26: error: Type mismatch: After simplification, term
  h0
 has type
  0 = b0
but is expected to have type
  b0 = 0
/Users/panda/Desktop/Lean/quick-test/harness/BridgeAll.lean:21196:23: warning: unused variable `hn`

Note: This linter can be disabled with `set_option linter.unusedVariables false`
/Users/panda/Desktop/Lean/quick-test/harness/BridgeAll.lean:21207:8: warning: declaration uses 'sorry'
/Users/panda/Desktop/Lean/quick-test/harness/BridgeAll.lean:21214:8: warning: declaration uses 'sorry'
@@BRIDGE Bridge_086_087 cpwl=SORRY_NE relun=SORRY depth=PROVED statement=SORRY
/Users/panda/Desktop/Lean/quick-test/harness/BridgeAll.lean:21227:23: warning: unused variable `hn`

Note: This linter can be disabled with `set_option linter.unusedVariables false`
/Users/panda/Desktop/Lean/quick-test/harness/BridgeAll.lean:21264:8: error: Tactic `rewrite` failed: Did not find an occurrence of the pattern
  max 0 (x 0)
in the target expression
  (fun x => max 0 (x 0)) x = ∑ i, (fun x => 0) i * x i + 0

hP0 : Agent088.IsPolyhedron 1 {x | x 0 ≤ 0}
hP1 : Agent088.IsPolyhedron 1 {x | 0 ≤ x 0}
hunion : ⋃ j, ![{x | x 0 ≤ 0}, {x | 0 ≤ x 0}] j = Set.univ
x : Fin 1 → ℝ
hx : x 0 ≤ 0
⊢ (fun x => max 0 (x 0)) x = ∑ i, (fun x => 0) i * x i + 0
/Users/panda/Desktop/Lean/quick-test/harness/BridgeAll.lean:21270:8: error: Tactic `rewrite` failed: Did not find an occurrence of the pattern
  max 0 (x 0)
in the target expression
  (fun x => max 0 (x 0)) x = ∑ i, (fun x => 1) i * x i + 0

hP0 : Agent088.IsPolyhedron 1 {x | x 0 ≤ 0}
hP1 : Agent088.IsPolyhedron 1 {x | 0 ≤ x 0}
hunion : ⋃ j, ![{x | x 0 ≤ 0}, {x | 0 ≤ x 0}] j = Set.univ
hAff0 : Agent088.IsAffineOn 1 (fun x => max 0 (x 0)) {x | x 0 ≤ 0}
x : Fin 1 → ℝ
hx : 0 ≤ x 0
⊢ (fun x => max 0 (x 0)) x = ∑ i, (fun x => 1) i * x i + 0
/Users/panda/Desktop/Lean/quick-test/harness/BridgeAll.lean:21317:8: warning: declaration uses 'sorry'
/Users/panda/Desktop/Lean/quick-test/harness/BridgeAll.lean:21322:8: warning: declaration uses 'sorry'
@@BRIDGE Bridge_087_088 cpwl=SORRY_NE relun=SORRY depth=PROVED statement=SORRY
/Users/panda/Desktop/Lean/quick-test/harness/BridgeAll.lean:21335:23: warning: unused variable `hn`

Note: This linter can be disabled with `set_option linter.unusedVariables false`
/Users/panda/Desktop/Lean/quick-test/harness/BridgeAll.lean:21355:38: error: linarith failed to find a contradiction
case h.mp.h
hEq : Agent088.CPWL 1 = Agent089.CPWL 1
f : (Fin 1 → ℝ) → ℝ := fun x => max 0 (x 0)
hf : f = fun x => max 0 (x 0)
hfcont : Continuous f
x : Fin 1 → ℝ
h : x ∈ ![{x | x 0 ≤ 0}, {x | 0 ≤ x 0}] ⟨0, ⋯⟩
a✝ : 0 < 1 * x 0
⊢ False
failed
/Users/panda/Desktop/Lean/quick-test/harness/BridgeAll.lean:21355:38: error: linarith failed to find a contradiction
case h.mpr
hEq : Agent088.CPWL 1 = Agent089.CPWL 1
f : (Fin 1 → ℝ) → ℝ := fun x => max 0 (x 0)
hf : f = fun x => max 0 (x 0)
hfcont : Continuous f
x : Fin 1 → ℝ
h : 1 * x 0 ≤ 0
⊢ False
failed
/Users/panda/Desktop/Lean/quick-test/harness/BridgeAll.lean:21358:38: error: linarith failed to find a contradiction
case h.mp.h
hEq : Agent088.CPWL 1 = Agent089.CPWL 1
f : (Fin 1 → ℝ) → ℝ := fun x => max 0 (x 0)
hf : f = fun x => max 0 (x 0)
hfcont : Continuous f
x : Fin 1 → ℝ
h : x ∈ ![{x | x 0 ≤ 0}, {x | 0 ≤ x 0}] ⟨1, ⋯⟩
a✝ : 0 < -1 * x 0
⊢ False
failed
/Users/panda/Desktop/Lean/quick-test/harness/BridgeAll.lean:21358:38: error: linarith failed to find a contradiction
case h.mpr
hEq : Agent088.CPWL 1 = Agent089.CPWL 1
f : (Fin 1 → ℝ) → ℝ := fun x => max 0 (x 0)
hf : f = fun x => max 0 (x 0)
hfcont : Continuous f
x : Fin 1 → ℝ
h : -1 * x 0 ≤ 0
⊢ False
failed
/Users/panda/Desktop/Lean/quick-test/harness/BridgeAll.lean:21367:10: error: `simp` made no progress
/Users/panda/Desktop/Lean/quick-test/harness/BridgeAll.lean:21370:10: error: `simp` made no progress
/Users/panda/Desktop/Lean/quick-test/harness/BridgeAll.lean:21352:33: warning: This simp argument is unused:
  Matrix.cons_val_zero

Hint: Omit it from the simp argument list.
  simp only [̵M̵a̵t̵r̵i̵x̵.̵c̵o̵n̵s̵_̵v̵a̵l̵_̵z̵e̵r̵o̵,̵ ̵M̵a̵t̵r̵i̵x̵.̵c̵o̵n̵s̵_̵v̵a̵l̵_̵o̵n̵e̵,̵[̲M̲a̲t̲r̲i̲x̲.̲c̲o̲n̲s̲_̲v̲a̲l̲_̲o̲n̲e̲,̲ Matrix.head_cons]

Note: This linter can be disabled with `set_option linter.unusedSimpArgs false`
/Users/panda/Desktop/Lean/quick-test/harness/BridgeAll.lean:21352:55: warning: This simp argument is unused:
  Matrix.cons_val_one

Hint: Omit it from the simp argument list.
  simp only [Matrix.cons_val_zero, Matrix.c̵o̵n̵s̵_̵v̵a̵l̵_̵o̵n̵e̵,̵ ̵M̵a̵t̵r̵i̵x̵.̵head_cons]

Note: This linter can be disabled with `set_option linter.unusedSimpArgs false`
/Users/panda/Desktop/Lean/quick-test/harness/BridgeAll.lean:21352:76: warning: This simp argument is unused:
  Matrix.head_cons

Hint: Omit it from the simp argument list.
  simp only [Matrix.cons_val_zero, Matrix.cons_val_one,̵ ̵M̵a̵t̵r̵i̵x̵.̵h̵e̵a̵d̵_̵c̵o̵n̵s̵]

Note: This linter can be disabled with `set_option linter.unusedSimpArgs false`
/Users/panda/Desktop/Lean/quick-test/harness/BridgeAll.lean:21365:33: warning: This simp argument is unused:
  Matrix.cons_val_zero

Hint: Omit it from the simp argument list.
  simp only [̵M̵a̵t̵r̵i̵x̵.̵c̵o̵n̵s̵_̵v̵a̵l̵_̵z̵e̵r̵o̵,̵ ̵M̵a̵t̵r̵i̵x̵.̵c̵o̵n̵s̵_̵v̵a̵l̵_̵o̵n̵e̵,̵[̲M̲a̲t̲r̲i̲x̲.̲c̲o̲n̲s̲_̲v̲a̲l̲_̲o̲n̲e̲,̲ Matrix.head_cons]

Note: This linter can be disabled with `set_option linter.unusedSimpArgs false`
/Users/panda/Desktop/Lean/quick-test/harness/BridgeAll.lean:21365:55: warning: This simp argument is unused:
  Matrix.cons_val_one

Hint: Omit it from the simp argument list.
  simp only [Matrix.cons_val_zero, Matrix.c̵o̵n̵s̵_̵v̵a̵l̵_̵o̵n̵e̵,̵ ̵M̵a̵t̵r̵i̵x̵.̵head_cons]

Note: This linter can be disabled with `set_option linter.unusedSimpArgs false`
/Users/panda/Desktop/Lean/quick-test/harness/BridgeAll.lean:21365:76: warning: This simp argument is unused:
  Matrix.head_cons

Hint: Omit it from the simp argument list.
  simp only [Matrix.cons_val_zero, Matrix.cons_val_one,̵ ̵M̵a̵t̵r̵i̵x̵.̵h̵e̵a̵d̵_̵c̵o̵n̵s̵]

Note: This linter can be disabled with `set_option linter.unusedSimpArgs false`
/Users/panda/Desktop/Lean/quick-test/harness/BridgeAll.lean:21394:50: warning: This simp argument is unused:
  Fin.sum_univ_one

Hint: Omit it from the simp argument list.
  simp [hz,̵ ̵F̵i̵n̵.̵s̵u̵m̵_̵u̵n̵i̵v̵_̵o̵n̵e̵]

Note: This linter can be disabled with `set_option linter.unusedSimpArgs false`
/Users/panda/Desktop/Lean/quick-test/harness/BridgeAll.lean:21396:37: warning: This simp argument is unused:
  Fin.sum_univ_one

Hint: Omit it from the simp argument list.
  simp [hφ,̵ ̵F̵i̵n̵.̵s̵u̵m̵_̵u̵n̵i̵v̵_̵o̵n̵e̵]

Note: This linter can be disabled with `set_option linter.unusedSimpArgs false`
/Users/panda/Desktop/Lean/quick-test/harness/BridgeAll.lean:21398:40: warning: This simp argument is unused:
  Fin.sum_univ_one

Hint: Omit it from the simp argument list.
  simp [hφ, F̵i̵n̵.̵s̵u̵m̵_̵u̵n̵i̵v̵_̵o̵n̵e̵,̵ ̵mul_neg]

Note: This linter can be disabled with `set_option linter.unusedSimpArgs false`
/Users/panda/Desktop/Lean/quick-test/harness/BridgeAll.lean:21416:8: warning: declaration uses 'sorry'
/Users/panda/Desktop/Lean/quick-test/harness/BridgeAll.lean:21424:8: warning: declaration uses 'sorry'
@@BRIDGE Bridge_088_089 cpwl=SORRY_NE relun=SORRY depth=PROVED statement=SORRY
/Users/panda/Desktop/Lean/quick-test/harness/BridgeAll.lean:21436:23: warning: unused variable `hn`

Note: This linter can be disabled with `set_option linter.unusedVariables false`
/Users/panda/Desktop/Lean/quick-test/harness/BridgeAll.lean:21457:11: error(lean.unknownIdentifier): Unknown identifier `le_or_lt`
/Users/panda/Desktop/Lean/quick-test/harness/BridgeAll.lean:21457:33: error: Tactic `rcases` failed: `x✝ : ?m.363` is not an inductive datatype
/Users/panda/Desktop/Lean/quick-test/harness/BridgeAll.lean:21471:29: error: linarith failed to find a contradiction
case h
hcont : Continuous f1
x : Fin 1 → ℝ
hx : ∀ H ∈ ![[{ a := fun x => -1, b := 0 }], [{ a := fun x => 1, b := 0 }]] ⟨0, ⋯⟩, H.a 0 * x 0 ≤ H.b
a✝ : x 0 < 0
⊢ False
failed
/Users/panda/Desktop/Lean/quick-test/harness/BridgeAll.lean:21475:28: error: linarith failed to find a contradiction
case h
hcont : Continuous f1
x : Fin 1 → ℝ
hx : ∀ H ∈ ![[{ a := fun x => -1, b := 0 }], [{ a := fun x => 1, b := 0 }]] ⟨1, ⋯⟩, H.a 0 * x 0 ≤ H.b
a✝ : 0 < x 0
⊢ False
failed
/Users/panda/Desktop/Lean/quick-test/harness/BridgeAll.lean:21454:68: warning: This simp argument is unused:
  Fin.sum_univ_one

Hint: Omit it from the simp argument list.
  simp [Matrix.cons_val_zero,̵ ̵F̵i̵n̵.̵s̵u̵m̵_̵u̵n̵i̵v̵_̵o̵n̵e̵]

Note: This linter can be disabled with `set_option linter.unusedSimpArgs false`
/Users/panda/Desktop/Lean/quick-test/harness/BridgeAll.lean:21455:67: warning: This simp argument is unused:
  Fin.sum_univ_one

Hint: Omit it from the simp argument list.
  simp [Matrix.cons_val_one,̵ ̵F̵i̵n̵.̵s̵u̵m̵_̵u̵n̵i̵v̵_̵o̵n̵e̵]

Note: This linter can be disabled with `set_option linter.unusedSimpArgs false`
/Users/panda/Desktop/Lean/quick-test/harness/BridgeAll.lean:21468:66: warning: This simp argument is unused:
  List.mem_singleton

Hint: Omit it from the simp argument list.
  simp only [Agent090.Polyhedron.mem, Agent090.Halfspace.mem, L̵i̵s̵t̵.̵m̵e̵m̵_̵s̵i̵n̵g̵l̵e̵t̵o̵n̵,̵forall_eq, Matrix.cons_val_zero,
  ̲  ̲ ̲ ̲ ̲ ̲Fin.sum_univ_one] at hx

Note: This linter can be disabled with `set_option linter.unusedSimpArgs false`
/Users/panda/Desktop/Lean/quick-test/harness/BridgeAll.lean:21469:8: warning: This simp argument is unused:
  forall_eq

Hint: Omit it from the simp argument list.
  simp only [Agent090.Polyhedron.mem, Agent090.Halfspace.mem, List.mem_singleton,
         ̵ ̵f̵o̵r̵a̵l̵l̵_̵e̵q̵,̵ ̵Matrix.cons_val_zero, Fin.sum_univ_one] at hx

Note: This linter can be disabled with `set_option linter.unusedSimpArgs false`
/Users/panda/Desktop/Lean/quick-test/harness/BridgeAll.lean:21469:19: warning: This simp argument is unused:
  Matrix.cons_val_zero

Hint: Omit it from the simp argument list.
  simp only [Agent090.Polyhedron.mem, Agent090.Halfspace.mem, List.mem_singleton, forall_eq,
  ̲  ̲ ̲ ̲ ̲ ̲M̵a̵t̵r̵i̵x̵.̵c̵o̵n̵s̵_̵v̵a̵l̵_̵z̵e̵r̵o̵,̵ ̵Fin.sum_univ_one] at hx

Note: This linter can be disabled with `set_option linter.unusedSimpArgs false`
/Users/panda/Desktop/Lean/quick-test/harness/BridgeAll.lean:21470:21: warning: This simp argument is unused:
  Matrix.cons_val_zero

Hint: Omit it from the simp argument list.
  simp only [f1,̵ ̵M̵a̵t̵r̵i̵x̵.̵c̵o̵n̵s̵_̵v̵a̵l̵_̵z̵e̵r̵o̵]

Note: This linter can be disabled with `set_option linter.unusedSimpArgs false`
/Users/panda/Desktop/Lean/quick-test/harness/BridgeAll.lean:21472:66: warning: This simp argument is unused:
  List.mem_singleton

Hint: Omit it from the simp argument list.
  simp only [Agent090.Polyhedron.mem, Agent090.Halfspace.mem, L̵i̵s̵t̵.̵m̵e̵m̵_̵s̵i̵n̵g̵l̵e̵t̵o̵n̵,̵forall_eq, Matrix.cons_val_one,
  ̲  ̲ ̲ ̲ ̲ ̲Fin.sum_univ_one] at hx

Note: This linter can be disabled with `set_option linter.unusedSimpArgs false`
/Users/panda/Desktop/Lean/quick-test/harness/BridgeAll.lean:21473:8: warning: This simp argument is unused:
  forall_eq

Hint: Omit it from the simp argument list.
  simp only [Agent090.Polyhedron.mem, Agent090.Halfspace.mem, List.mem_singleton,
         ̵ ̵f̵o̵r̵a̵l̵l̵_̵e̵q̵,̵ ̵Matrix.cons_val_one, Fin.sum_univ_one] at hx

Note: This linter can be disabled with `set_option linter.unusedSimpArgs false`
/Users/panda/Desktop/Lean/quick-test/harness/BridgeAll.lean:21473:19: warning: This simp argument is unused:
  Matrix.cons_val_one

Hint: Omit it from the simp argument list.
  simp only [Agent090.Polyhedron.mem, Agent090.Halfspace.mem, List.mem_singleton, forall_eq,
  ̲  ̲ ̲ ̲ ̲ ̲M̵a̵t̵r̵i̵x̵.̵c̵o̵n̵s̵_̵v̵a̵l̵_̵o̵n̵e̵,̵ ̵Fin.sum_univ_one] at hx

Note: This linter can be disabled with `set_option linter.unusedSimpArgs false`
/Users/panda/Desktop/Lean/quick-test/harness/BridgeAll.lean:21474:21: warning: This simp argument is unused:
  Matrix.cons_val_one

Hint: Omit it from the simp argument list.
  simp only [f1,̵ ̵M̵a̵t̵r̵i̵x̵.̵c̵o̵n̵s̵_̵v̵a̵l̵_̵o̵n̵e̵]

Note: This linter can be disabled with `set_option linter.unusedSimpArgs false`
/Users/panda/Desktop/Lean/quick-test/harness/BridgeAll.lean:21490:28: error: Application type mismatch: The argument
  hVopen
has type
  IsOpen V
of sort `Prop` but is expected to have type
  Set (Fin 1 → ℝ)
of sort `Type` in the application
  hφcont.isOpen_preimage hVopen
/Users/panda/Desktop/Lean/quick-test/harness/BridgeAll.lean:21503:52: warning: This simp argument is unused:
  zero_add

Hint: Omit it from the simp argument list.
  simp only [f1, hφdef, hℓeq, Fin.sum_univ_one, hb,̵ ̵z̵e̵r̵o̵_̵a̵d̵d̵] at e1 e2

Note: This linter can be disabled with `set_option linter.unusedSimpArgs false`
/Users/panda/Desktop/Lean/quick-test/harness/BridgeAll.lean:21519:8: warning: declaration uses 'sorry'
/Users/panda/Desktop/Lean/quick-test/harness/BridgeAll.lean:21525:8: warning: declaration uses 'sorry'
@@BRIDGE Bridge_089_090 cpwl=SORRY_NE relun=SORRY depth=PROVED statement=SORRY
/Users/panda/Desktop/Lean/quick-test/harness/BridgeAll.lean:21543:8: warning: declaration uses 'sorry'
/Users/panda/Desktop/Lean/quick-test/harness/BridgeAll.lean:21552:8: warning: declaration uses 'sorry'
/Users/panda/Desktop/Lean/quick-test/harness/BridgeAll.lean:21575:60: error: omega could not prove the goal:
a possible counterexample may satisfy the constraints
  e ≥ 0
  d ≥ 0
  d - e ≥ 1
  a ≥ 2
  a - b ≤ 0
  a - c ≥ 1
where
 a := ↑(n - 1)
 b := ↑3 ^ k
 c := ↑3 ^ (Nat.clog 3 m).pred
 d := ↑(Nat.clog 3 m - 1)
 e := ↑(Nat.clog 3 m).pred
@@BRIDGE Bridge_090_091 cpwl=SORRY relun=SORRY depth=SORRY statement=SORRY
/Users/panda/Desktop/Lean/quick-test/harness/BridgeAll.lean:21654:6: error: linarith failed to find a contradiction
case refine_1.a.inr.h
x : Fin 1 → ℝ
hx : x 0 ≤ 0
x✝ : Fin ((fun x => 1) 1)
a✝ : (![fun x => { c := fun x => 1, d := 0 }] 0 x✝).d < (![fun x => { c := fun x => 1, d := 0 }] 0 x✝).c 0 * x 0
⊢ False
failed
/Users/panda/Desktop/Lean/quick-test/harness/BridgeAll.lean:21661:27: error: linarith failed to find a contradiction
case h
x : Fin 1 → ℝ
hx :
  ∀ (j : Fin ((fun x => 1) ((fun i => i) ⟨0, ⋯⟩))), x ∈ (![fun x => hPos1, fun x => hNeg1] ((fun i => i) ⟨0, ⋯⟩) j).set
h0 :
  (![fun x => { c := fun x => -1, d := 0 }, fun x => hNeg1] ⟨0, ⋯⟩ 0).c 0 * x 0 ≤
    (![fun x => { c := fun x => -1, d := 0 }, fun x => hNeg1] ⟨0, ⋯⟩ 0).d
a✝ : x 0 < 0
⊢ False
failed
Try this:
  [apply] ring_nf
  
  The `ring` tactic failed to close the goal. Use `ring_nf` to obtain a normal form.
    
  Note that `ring` works primarily in *commutative* rings. If you have a noncommutative ring, abelian group or module, consider using `noncomm_ring`, `abel` or `module` instead.
/Users/panda/Desktop/Lean/quick-test/harness/BridgeAll.lean:21658:4: error: unsolved goals
case refine_2.«0»
x : Fin 1 → ℝ
hx :
  ∀ (j : Fin ((fun x => 1) ((fun i => i) ⟨0, ⋯⟩))), x ∈ (![fun x => hPos1, fun x => hNeg1] ((fun i => i) ⟨0, ⋯⟩) j).set
h0 :
  (![fun x => { c := fun x => -1, d := 0 }, fun x => hNeg1] ⟨0, ⋯⟩ 0).c 0 * x 0 ≤
    (![fun x => { c := fun x => -1, d := 0 }, fun x => hNeg1] ⟨0, ⋯⟩ 0).d
⊢ x 0 = (![(fun x x_1 => 1, fun x => 0), aZ1] ⟨0, ⋯⟩).1 0 0 * x 0 + (![(fun x x_1 => 1, fun x => 0), aZ1] ⟨0, ⋯⟩).2 0
/Users/panda/Desktop/Lean/quick-test/harness/BridgeAll.lean:21665:26: error: linarith failed to find a contradiction
case h
x : Fin 1 → ℝ
hx :
  ∀ (j : Fin ((fun x => 1) ((fun i => i) ⟨1, ⋯⟩))), x ∈ (![fun x => hPos1, fun x => hNeg1] ((fun i => i) ⟨1, ⋯⟩) j).set
h0 :
  (![fun x => hPos1, fun x => { c := fun x => 1, d := 0 }] ⟨1, ⋯⟩ 0).c 0 * x 0 ≤
    (![fun x => hPos1, fun x => { c := fun x => 1, d := 0 }] ⟨1, ⋯⟩ 0).d
a✝ : 0 < x 0
⊢ False
failed
Try this:
  [apply] ring_nf
  
  The `ring` tactic failed to close the goal. Use `ring_nf` to obtain a normal form.
    
  Note that `ring` works primarily in *commutative* rings. If you have a noncommutative ring, abelian group or module, consider using `noncomm_ring`, `abel` or `module` instead.
/Users/panda/Desktop/Lean/quick-test/harness/BridgeAll.lean:21662:4: error: unsolved goals
case refine_2.«1»
x : Fin 1 → ℝ
hx :
  ∀ (j : Fin ((fun x => 1) ((fun i => i) ⟨1, ⋯⟩))), x ∈ (![fun x => hPos1, fun x => hNeg1] ((fun i => i) ⟨1, ⋯⟩) j).set
h0 :
  (![fun x => hPos1, fun x => { c := fun x => 1, d := 0 }] ⟨1, ⋯⟩ 0).c 0 * x 0 ≤
    (![fun x => hPos1, fun x => { c := fun x => 1, d := 0 }] ⟨1, ⋯⟩ 0).d
⊢ 0 = (![aId1, (fun x x_1 => 0, fun x => 0)] ⟨1, ⋯⟩).1 0 0 * x 0 + (![aId1, (fun x x_1 => 0, fun x => 0)] ⟨1, ⋯⟩).2 0
/Users/panda/Desktop/Lean/quick-test/harness/BridgeAll.lean:21652:38: warning: This simp argument is unused:
  Matrix.head_cons

Hint: Omit it from the simp argument list.
  simp only [Matrix.cons_val_one,̵ ̵M̵a̵t̵r̵i̵x̵.̵h̵e̵a̵d̵_̵c̵o̵n̵s̵]

Note: This linter can be disabled with `set_option linter.unusedSimpArgs false`
/Users/panda/Desktop/Lean/quick-test/harness/BridgeAll.lean:21658:17: warning: This simp argument is unused:
  Matrix.cons_val_zero

Hint: Omit it from the simp argument list.
  simp only [̵M̵a̵t̵r̵i̵x̵.̵c̵o̵n̵s̵_̵v̵a̵l̵_̵z̵e̵r̵o̵]̵ ̵at h0 ⊢

Note: This linter can be disabled with `set_option linter.unusedSimpArgs false`
/Users/panda/Desktop/Lean/quick-test/harness/BridgeAll.lean:21662:17: warning: This simp argument is unused:
  Matrix.cons_val_one

Hint: Omit it from the simp argument list.
  simp only [Matrix.c̵o̵n̵s̵_̵v̵a̵l̵_̵o̵n̵e̵,̵ ̵M̵a̵t̵r̵i̵x̵.̵head_cons] at h0 ⊢

Note: This linter can be disabled with `set_option linter.unusedSimpArgs false`
/Users/panda/Desktop/Lean/quick-test/harness/BridgeAll.lean:21662:38: warning: This simp argument is unused:
  Matrix.head_cons

Hint: Omit it from the simp argument list.
  simp only [Matrix.cons_val_one,̵ ̵M̵a̵t̵r̵i̵x̵.̵h̵e̵a̵d̵_̵c̵o̵n̵s̵] at h0 ⊢

Note: This linter can be disabled with `set_option linter.unusedSimpArgs false`
/Users/panda/Desktop/Lean/quick-test/harness/BridgeAll.lean:21681:6: error(lean.unknownIdentifier): Unknown constant `Matrix.dotProduct`
/Users/panda/Desktop/Lean/quick-test/harness/BridgeAll.lean:21680:4: error: Type mismatch: After simplification, term
  ht
 has type
  max 0 t = ((fun j => (g i).1 0 j) ⬝ᵥ fun x => t) + (g i).2 0
but is expected to have type
  max 0 t = a * t + b
/Users/panda/Desktop/Lean/quick-test/harness/BridgeAll.lean:21712:8: warning: declaration uses 'sorry'
/Users/panda/Desktop/Lean/quick-test/harness/BridgeAll.lean:21722:8: warning: declaration uses 'sorry'
@@BRIDGE Bridge_091_092 cpwl=SORRY_NE relun=SORRY depth=PROVED statement=SORRY
/Users/panda/Desktop/Lean/quick-test/harness/BridgeAll.lean:21735:23: warning: unused variable `hn`

Note: This linter can be disabled with `set_option linter.unusedVariables false`
/Users/panda/Desktop/Lean/quick-test/harness/BridgeAll.lean:21767:37: error: linarith failed to find a contradiction
case refine_2.«0».h.mp.h
h : Agent092.CPWL 1 = Agent093.CPWL 1
x : Fin 1 → ℝ
hh : x ∈ ![{x | 0 ≤ x 0}, {x | x 0 ≤ 0}] ⟨0, ⋯⟩
a✝ : 0 < -1 * x 0 + 0
⊢ False
failed
/Users/panda/Desktop/Lean/quick-test/harness/BridgeAll.lean:21767:37: error: linarith failed to find a contradiction
case refine_2.«0».h.mpr
h : Agent092.CPWL 1 = Agent093.CPWL 1
x : Fin 1 → ℝ
hh : -1 * x 0 + 0 ≤ 0
⊢ False
failed
/Users/panda/Desktop/Lean/quick-test/harness/BridgeAll.lean:21773:37: error: linarith failed to find a contradiction
case refine_2.«1».h.mp.h
h : Agent092.CPWL 1 = Agent093.CPWL 1
x : Fin 1 → ℝ
hh : x ∈ ![{x | 0 ≤ x 0}, {x | x 0 ≤ 0}] ⟨1, ⋯⟩
a✝ : 0 < 1 * x 0 + 0
⊢ False
failed
/Users/panda/Desktop/Lean/quick-test/harness/BridgeAll.lean:21773:37: error: linarith failed to find a contradiction
case refine_2.«1».h.mpr
h : Agent092.CPWL 1 = Agent093.CPWL 1
x : Fin 1 → ℝ
hh : 1 * x 0 + 0 ≤ 0
⊢ False
failed
/Users/panda/Desktop/Lean/quick-test/harness/BridgeAll.lean:21789:60: error(lean.unknownIdentifier): Unknown identifier `tendsto_id`
/Users/panda/Desktop/Lean/quick-test/harness/BridgeAll.lean:21801:75: error(lean.unknownIdentifier): Unknown constant `Matrix.dotProduct`
/Users/panda/Desktop/Lean/quick-test/harness/BridgeAll.lean:21809:2: error: linarith failed to find a contradiction
h : Agent092.CPWL 1 = Agent093.CPWL 1
hmem093 : (fun x => max 0 (x 0)) ∈ Agent093.CPWL 1
m : ℕ
g : Fin m → Agent092.AffineFunc 1
hloc : ∀ (x : Fin 1 → ℝ), ∃ i, ∀ᶠ (y : Fin 1 → ℝ) in nhds x, (fun x => max 0 (x 0)) y = (g i).eval y
i : Fin m
hev : ∀ᶠ (y : Fin 1 → ℝ) in nhds 0, (fun x => max 0 (x 0)) y = (g i).eval y
hφ : Filter.Tendsto (fun t x => t) (nhds 0) (nhds 0)
ε : ℝ
hεpos : ε > 0
hε : ∀ ⦃y : ℝ⦄, dist y 0 < ε → ((fun x => max 0 (x 0)) fun x => y) = (g i).eval fun x => y
d0 : dist 0 0 < ε
d1 : dist (ε / 2) 0 < ε
d2 : dist (-(ε / 2)) 0 < ε
e0 : 0 = ((fun j => (g i).1 0 j) ⬝ᵥ fun x => 0) + (g i).2 0
e1 : ε / 2 = ((fun j => (g i).1 0 j) ⬝ᵥ fun x => ε / 2) + (g i).2 0
e2 : 0 = ((fun j => (g i).1 0 j) ⬝ᵥ fun x => -(ε / 2)) + (g i).2 0
hm0 : max 0 0 = 0
hm1 : max 0 (ε / 2) = ε / 2
hm2 : max 0 (-(ε / 2)) = 0
⊢ False
failed
/Users/panda/Desktop/Lean/quick-test/harness/BridgeAll.lean:21765:55: warning: This simp argument is unused:
  Matrix.cons_val_zero

Hint: Omit it from the simp argument list.
  simp only [Set.mem_setOf_eq, Fin.forall_fin_one, Agent093.AffFun.eval,
            Agent093.AffineMap'.apply, Fin.sum_univ_one, Matrix.cons_val_z̵e̵r̵o,̵
  ̵ ̵ ̵ ̵ ̵ ̵ ̵ ̵ ̵ ̵ ̵M̵a̵t̵r̵i̵x̵.̵c̵o̵ns̵_̵v̵a̵l̵_̵o̵n̵e, Matrix.head_cons]

Note: This linter can be disabled with `set_option linter.unusedSimpArgs false`
/Users/panda/Desktop/Lean/quick-test/harness/BridgeAll.lean:21766:10: warning: This simp argument is unused:
  Matrix.cons_val_one

Hint: Omit it from the simp argument list.
  simp only [Set.mem_setOf_eq, Fin.forall_fin_one, Agent093.AffFun.eval,
            Agent093.AffineMap'.apply, Fin.sum_univ_one, Matrix.cons_val_zero,
  ̵  ̵ ̵ ̵ ̵ ̵ ̵ ̵ ̵ ̵Matrix.c̵o̵n̵s̵_̵v̵a̵l̵_̵o̵n̵e̵,̵ ̵M̵a̵t̵r̵i̵x̵.̵head_cons]

Note: This linter can be disabled with `set_option linter.unusedSimpArgs false`
/Users/panda/Desktop/Lean/quick-test/harness/BridgeAll.lean:21766:31: warning: This simp argument is unused:
  Matrix.head_cons

Hint: Omit it from the simp argument list.
  simp only [Set.mem_setOf_eq, Fin.forall_fin_one, Agent093.AffFun.eval,
            Agent093.AffineMap'.apply, Fin.sum_univ_one, Matrix.cons_val_zero,
  ̵  ̵ ̵ ̵ ̵ ̵ ̵ ̵ ̵ ̵Matrix.cons_val_one,̵ ̵M̵a̵t̵r̵i̵x̵.̵h̵e̵a̵d̵_̵c̵o̵n̵s̵]

Note: This linter can be disabled with `set_option linter.unusedSimpArgs false`
/Users/panda/Desktop/Lean/quick-test/harness/BridgeAll.lean:21771:55: warning: This simp argument is unused:
  Matrix.cons_val_zero

Hint: Omit it from the simp argument list.
  simp only [Set.mem_setOf_eq, Fin.forall_fin_one, Agent093.AffFun.eval,
            Agent093.AffineMap'.apply, Fin.sum_univ_one, Matrix.cons_val_z̵e̵r̵o,̵
  ̵ ̵ ̵ ̵ ̵ ̵ ̵ ̵ ̵ ̵ ̵M̵a̵t̵r̵i̵x̵.̵c̵o̵ns̵_̵v̵a̵l̵_̵o̵n̵e, Matrix.head_cons]

Note: This linter can be disabled with `set_option linter.unusedSimpArgs false`
/Users/panda/Desktop/Lean/quick-test/harness/BridgeAll.lean:21772:10: warning: This simp argument is unused:
  Matrix.cons_val_one

Hint: Omit it from the simp argument list.
  simp only [Set.mem_setOf_eq, Fin.forall_fin_one, Agent093.AffFun.eval,
            Agent093.AffineMap'.apply, Fin.sum_univ_one, Matrix.cons_val_zero,
  ̵  ̵ ̵ ̵ ̵ ̵ ̵ ̵ ̵ ̵Matrix.c̵o̵n̵s̵_̵v̵a̵l̵_̵o̵n̵e̵,̵ ̵M̵a̵t̵r̵i̵x̵.̵head_cons]

Note: This linter can be disabled with `set_option linter.unusedSimpArgs false`
/Users/panda/Desktop/Lean/quick-test/harness/BridgeAll.lean:21772:31: warning: This simp argument is unused:
  Matrix.head_cons

Hint: Omit it from the simp argument list.
  simp only [Set.mem_setOf_eq, Fin.forall_fin_one, Agent093.AffFun.eval,
            Agent093.AffineMap'.apply, Fin.sum_univ_one, Matrix.cons_val_zero,
  ̵  ̵ ̵ ̵ ̵ ̵ ̵ ̵ ̵ ̵Matrix.cons_val_one,̵ ̵M̵a̵t̵r̵i̵x̵.̵h̵e̵a̵d̵_̵c̵o̵n̵s̵]

Note: This linter can be disabled with `set_option linter.unusedSimpArgs false`
/Users/panda/Desktop/Lean/quick-test/harness/BridgeAll.lean:21776:19: warning: This simp argument is unused:
  Matrix.cons_val_zero

Hint: Omit it from the simp argument list.
  simp only [M̵a̵t̵r̵i̵x̵.̵c̵o̵n̵s̵_̵v̵a̵l̵_̵z̵e̵r̵o̵,̵ ̵Set.mem_setOf_eq] at hx

Note: This linter can be disabled with `set_option linter.unusedSimpArgs false`
/Users/panda/Desktop/Lean/quick-test/harness/BridgeAll.lean:21776:41: warning: This simp argument is unused:
  Set.mem_setOf_eq

Hint: Omit it from the simp argument list.
  simp only [Matrix.cons_val_zero,̵ ̵S̵e̵t̵.̵m̵e̵m̵_̵s̵e̵t̵O̵f̵_̵e̵q̵] at hx

Note: This linter can be disabled with `set_option linter.unusedSimpArgs false`
/Users/panda/Desktop/Lean/quick-test/harness/BridgeAll.lean:21779:63: warning: This simp argument is unused:
  Fin.sum_univ_one

Hint: Omit it from the simp argument list.
  simp [Agent093.AffFun.eval, Agent093.AffineMap'.apply,̵ ̵F̵i̵n̵.̵s̵u̵m̵_̵u̵n̵i̵v̵_̵o̵n̵e̵]

Note: This linter can be disabled with `set_option linter.unusedSimpArgs false`
/Users/panda/Desktop/Lean/quick-test/harness/BridgeAll.lean:21780:19: warning: This simp argument is unused:
  Matrix.cons_val_one

Hint: Omit it from the simp argument list.
  simp only [Matrix.c̵o̵n̵s̵_̵v̵a̵l̵_̵o̵n̵e̵,̵ ̵M̵a̵t̵r̵i̵x̵.̵head_cons, Set.mem_setOf_eq] at hx

Note: This linter can be disabled with `set_option linter.unusedSimpArgs false`
/Users/panda/Desktop/Lean/quick-test/harness/BridgeAll.lean:21780:40: warning: This simp argument is unused:
  Matrix.head_cons

Hint: Omit it from the simp argument list.
  simp only [Matrix.cons_val_one, M̵a̵t̵r̵i̵x̵.̵h̵e̵a̵d̵_̵c̵o̵n̵s̵,̵ ̵Set.mem_setOf_eq] at hx

Note: This linter can be disabled with `set_option linter.unusedSimpArgs false`
/Users/panda/Desktop/Lean/quick-test/harness/BridgeAll.lean:21780:58: warning: This simp argument is unused:
  Set.mem_setOf_eq

Hint: Omit it from the simp argument list.
  simp only [Matrix.cons_val_one, Matrix.head_cons,̵ ̵S̵e̵t̵.̵m̵e̵m̵_̵s̵e̵t̵O̵f̵_̵e̵q̵] at hx

Note: This linter can be disabled with `set_option linter.unusedSimpArgs false`
/Users/panda/Desktop/Lean/quick-test/harness/BridgeAll.lean:21783:63: warning: This simp argument is unused:
  Fin.sum_univ_one

Hint: Omit it from the simp argument list.
  simp [Agent093.AffFun.eval, Agent093.AffineMap'.apply,̵ ̵F̵i̵n̵.̵s̵u̵m̵_̵u̵n̵i̵v̵_̵o̵n̵e̵]

Note: This linter can be disabled with `set_option linter.unusedSimpArgs false`
/Users/panda/Desktop/Lean/quick-test/harness/BridgeAll.lean:21802:4: warning: This simp argument is unused:
  Fin.sum_univ_one

Hint: Omit it from the simp argument list.
  simp only [Agent092.AffineFunc.eval, Agent092.affineEval, Matrix.mulVec, Matrix.dotProduct,
      F̵i̵n̵.̵s̵u̵m̵_̵u̵n̵i̵v̵_̵o̵n̵e̵,̵ ̵Pi.add_apply] at e0 e1 e2

Note: This linter can be disabled with `set_option linter.unusedSimpArgs false`
/Users/panda/Desktop/Lean/quick-test/harness/BridgeAll.lean:21816:8: warning: declaration uses 'sorry'
/Users/panda/Desktop/Lean/quick-test/harness/BridgeAll.lean:21823:8: warning: declaration uses 'sorry'
@@BRIDGE Bridge_092_093 cpwl=SORRY_NE relun=SORRY depth=PROVED statement=SORRY
/Users/panda/Desktop/Lean/quick-test/harness/BridgeAll.lean:21837:23: warning: unused variable `hn`

Note: This linter can be disabled with `set_option linter.unusedVariables false`
/Users/panda/Desktop/Lean/quick-test/harness/BridgeAll.lean:21845:8: warning: declaration uses 'sorry'
/Users/panda/Desktop/Lean/quick-test/harness/BridgeAll.lean:21858:59: error(lean.invalidField): Invalid field `eval`: The environment does not contain `Prod.eval`, so it is not possible to project the field `eval` from an expression
  (fun x x_1 => w, fun x => b)
of type
  (Fin 1 → Fin 1 → ℝ) × (Fin 1 → ℝ)
/Users/panda/Desktop/Lean/quick-test/harness/BridgeAll.lean:21858:83: error: unsolved goals
hEq : Agent093.CPWL 1 = Agent094.CPWL 1
w b : ℝ
x : Fin 1 → ℝ
⊢ sorry () = w * x 0 + b
/Users/panda/Desktop/Lean/quick-test/harness/BridgeAll.lean:21865:32: error: linarith failed to find a contradiction
case h.mp.h
hEq : Agent093.CPWL 1 = Agent094.CPWL 1
heval : ∀ (w b : ℝ) (x : Fin 1 → ℝ), sorry = w * x 0 + b
x : Fin 1 → ℝ
h : 0 ≤ x 0
a✝ : 0 < Agent093.AffFun.eval (fun x x_1 => -1, fun x => 0) x
⊢ False
failed
/Users/panda/Desktop/Lean/quick-test/harness/BridgeAll.lean:21865:32: error: linarith failed to find a contradiction
case h.mpr.h
hEq : Agent093.CPWL 1 = Agent094.CPWL 1
heval : ∀ (w b : ℝ) (x : Fin 1 → ℝ), sorry = w * x 0 + b
x : Fin 1 → ℝ
h : Agent093.AffFun.eval (fun x x_1 => -1, fun x => 0) x ≤ 0
a✝ : x 0 < 0
⊢ False
failed
/Users/panda/Desktop/Lean/quick-test/harness/BridgeAll.lean:21870:32: error: linarith failed to find a contradiction
case h.mp.h
hEq : Agent093.CPWL 1 = Agent094.CPWL 1
heval : ∀ (w b : ℝ) (x : Fin 1 → ℝ), sorry = w * x 0 + b
hpoly0 : Agent093.IsPolyhedron 1 {x | 0 ≤ x 0}
x : Fin 1 → ℝ
h : x 0 ≤ 0
a✝ : 0 < Agent093.AffFun.eval (fun x x_1 => 1, fun x => 0) x
⊢ False
failed
/Users/panda/Desktop/Lean/quick-test/harness/BridgeAll.lean:21870:32: error: linarith failed to find a contradiction
case h.mpr.h
hEq : Agent093.CPWL 1 = Agent094.CPWL 1
heval : ∀ (w b : ℝ) (x : Fin 1 → ℝ), sorry = w * x 0 + b
hpoly0 : Agent093.IsPolyhedron 1 {x | 0 ≤ x 0}
x : Fin 1 → ℝ
h : Agent093.AffFun.eval (fun x x_1 => 1, fun x => 0) x ≤ 0
a✝ : 0 < x 0
⊢ False
failed
/Users/panda/Desktop/Lean/quick-test/harness/BridgeAll.lean:21860:10: warning: This simp argument is unused:
  Agent093.AffFun.eval

Hint: Omit it from the simp argument list.
  simp [Agent093.AffF̵u̵n̵.̵e̵v̵a̵l̵,̵ ̵A̵g̵e̵n̵t̵0̵9̵3̵.̵A̵f̵f̵ineMap'.apply, Fin.sum_univ_one]

Note: This linter can be disabled with `set_option linter.unusedSimpArgs false`
/Users/panda/Desktop/Lean/quick-test/harness/BridgeAll.lean:21860:32: warning: This simp argument is unused:
  Agent093.AffineMap'.apply

Hint: Omit it from the simp argument list.
  simp [Agent093.AffFun.eval, A̵g̵e̵n̵t̵0̵9̵3̵.̵A̵f̵f̵i̵n̵e̵M̵a̵p̵'̵.̵a̵p̵p̵l̵y̵,̵ ̵Fin.sum_univ_one]

Note: This linter can be disabled with `set_option linter.unusedSimpArgs false`
/Users/panda/Desktop/Lean/quick-test/harness/BridgeAll.lean:21860:59: warning: This simp argument is unused:
  Fin.sum_univ_one

Hint: Omit it from the simp argument list.
  simp [Agent093.AffFun.eval, Agent093.AffineMap'.apply,̵ ̵F̵i̵n̵.̵s̵u̵m̵_̵u̵n̵i̵v̵_̵o̵n̵e̵]

Note: This linter can be disabled with `set_option linter.unusedSimpArgs false`
/Users/panda/Desktop/Lean/quick-test/harness/BridgeAll.lean:21864:53: warning: This simp argument is unused:
  heval

Hint: Omit it from the simp argument list.
  simp only [Set.mem_setOf_eq, Fin.forall_fin_one,̵ ̵h̵e̵v̵a̵l̵]

Note: This linter can be disabled with `set_option linter.unusedSimpArgs false`
/Users/panda/Desktop/Lean/quick-test/harness/BridgeAll.lean:21869:53: warning: This simp argument is unused:
  heval

Hint: Omit it from the simp argument list.
  simp only [Set.mem_setOf_eq, Fin.forall_fin_one,̵ ̵h̵e̵v̵a̵l̵]

Note: This linter can be disabled with `set_option linter.unusedSimpArgs false`
/Users/panda/Desktop/Lean/quick-test/harness/BridgeAll.lean:21880:53: warning: This simp argument is unused:
  Matrix.head_cons

Hint: Omit it from the simp argument list.
  simp only [Matrix.cons_val_one, M̵a̵t̵r̵i̵x̵.̵h̵e̵a̵d̵_̵c̵o̵n̵s̵,̵ ̵Set.mem_setOf_eq]

Note: This linter can be disabled with `set_option linter.unusedSimpArgs false`
/Users/panda/Desktop/Lean/quick-test/harness/BridgeAll.lean:21880:71: warning: This simp argument is unused:
  Set.mem_setOf_eq

Hint: Omit it from the simp argument list.
  simp only [Matrix.cons_val_one, Matrix.head_cons,̵ ̵S̵e̵t̵.̵m̵e̵m̵_̵s̵e̵t̵O̵f̵_̵e̵q̵]

Note: This linter can be disabled with `set_option linter.unusedSimpArgs false`
/Users/panda/Desktop/Lean/quick-test/harness/BridgeAll.lean:21887:19: warning: This simp argument is unused:
  Matrix.cons_val_zero

Hint: Omit it from the simp argument list.
  simp only [M̵a̵t̵r̵i̵x̵.̵c̵o̵n̵s̵_̵v̵a̵l̵_̵z̵e̵r̵o̵,̵ ̵Set.mem_setOf_eq] at hx ⊢

Note: This linter can be disabled with `set_option linter.unusedSimpArgs false`
/Users/panda/Desktop/Lean/quick-test/harness/BridgeAll.lean:21887:41: warning: This simp argument is unused:
  Set.mem_setOf_eq

Hint: Omit it from the simp argument list.
  simp only [Matrix.cons_val_zero,̵ ̵S̵e̵t̵.̵m̵e̵m̵_̵s̵e̵t̵O̵f̵_̵e̵q̵] at hx ⊢

Note: This linter can be disabled with `set_option linter.unusedSimpArgs false`
/Users/panda/Desktop/Lean/quick-test/harness/BridgeAll.lean:21889:19: warning: This simp argument is unused:
  Matrix.cons_val_one

Hint: Omit it from the simp argument list.
  simp only [Matrix.c̵o̵n̵s̵_̵v̵a̵l̵_̵o̵n̵e̵,̵ ̵M̵a̵t̵r̵i̵x̵.̵head_cons, Set.mem_setOf_eq] at hx ⊢

Note: This linter can be disabled with `set_option linter.unusedSimpArgs false`
/Users/panda/Desktop/Lean/quick-test/harness/BridgeAll.lean:21889:40: warning: This simp argument is unused:
  Matrix.head_cons

Hint: Omit it from the simp argument list.
  simp only [Matrix.cons_val_one, M̵a̵t̵r̵i̵x̵.̵h̵e̵a̵d̵_̵c̵o̵n̵s̵,̵ ̵Set.mem_setOf_eq] at hx ⊢

Note: This linter can be disabled with `set_option linter.unusedSimpArgs false`
/Users/panda/Desktop/Lean/quick-test/harness/BridgeAll.lean:21889:58: warning: This simp argument is unused:
  Set.mem_setOf_eq

Hint: Omit it from the simp argument list.
  simp only [Matrix.cons_val_one, Matrix.head_cons,̵ ̵S̵e̵t̵.̵m̵e̵m̵_̵s̵e̵t̵O̵f̵_̵e̵q̵] at hx ⊢

Note: This linter can be disabled with `set_option linter.unusedSimpArgs false`
/Users/panda/Desktop/Lean/quick-test/harness/BridgeAll.lean:21931:8: warning: declaration uses 'sorry'
@@BRIDGE Bridge_093_094 cpwl=SORRY_NE relun=SORRY depth=PROVED statement=SORRY
/Users/panda/Desktop/Lean/quick-test/harness/BridgeAll.lean:21981:8: warning: declaration uses 'sorry'
/Users/panda/Desktop/Lean/quick-test/harness/BridgeAll.lean:22000:8: warning: declaration uses 'sorry'
/Users/panda/Desktop/Lean/quick-test/harness/BridgeAll.lean:22009:8: warning: declaration uses 'sorry'
@@BRIDGE Bridge_094_095 cpwl=SORRY relun=SORRY depth=PROVED statement=SORRY
/Users/panda/Desktop/Lean/quick-test/harness/BridgeAll.lean:22096:45: error(lean.unknownIdentifier): Unknown constant `Matrix.dotProduct`
/Users/panda/Desktop/Lean/quick-test/harness/BridgeAll.lean:22095:47: error: unsolved goals
T : Agent096.AffMap 1 1
t : ℝ
⊢ (fun j => T.A 0 j) ⬝ᵥ diag t = T.A 0 0 * t
/Users/panda/Desktop/Lean/quick-test/harness/BridgeAll.lean:22096:64: warning: This simp argument is unused:
  Fin.sum_univ_one

Hint: Omit it from the simp argument list.
  simp [Agent096.AffMap.eval, Matrix.mulVec, Matrix.dotProduct, F̵i̵n̵.̵s̵u̵m̵_̵u̵n̵i̵v̵_̵o̵n̵e̵,̵ ̵diag]

Note: This linter can be disabled with `set_option linter.unusedSimpArgs false`
/Users/panda/Desktop/Lean/quick-test/harness/BridgeAll.lean:22096:82: warning: This simp argument is unused:
  diag

Hint: Omit it from the simp argument list.
  simp [Agent096.AffMap.eval, Matrix.mulVec, Matrix.dotProduct, Fin.sum_univ_one,̵ ̵d̵i̵a̵g̵]

Note: This linter can be disabled with `set_option linter.unusedSimpArgs false`
/Users/panda/Desktop/Lean/quick-test/harness/BridgeAll.lean:22117:10: error: `simp` made no progress
/Users/panda/Desktop/Lean/quick-test/harness/BridgeAll.lean:22117:10: error: `simp` made no progress
/Users/panda/Desktop/Lean/quick-test/harness/BridgeAll.lean:22123:26: error: Application type mismatch: The argument
  hx
has type
  x ∈ ![{x | x 0 ≤ 0}, {x | 0 ≤ x 0}] ⟨0, ⋯⟩
but is expected to have type
  ?m.1040 ≤ ?m.1039
in the application
  max_eq_left hx
/Users/panda/Desktop/Lean/quick-test/harness/BridgeAll.lean:22124:27: error: Application type mismatch: The argument
  hx
has type
  x ∈ ![{x | x 0 ≤ 0}, {x | 0 ≤ x 0}] ⟨1, ⋯⟩
but is expected to have type
  ?m.1044 ≤ ?m.1045
in the application
  max_eq_right hx
/Users/panda/Desktop/Lean/quick-test/harness/BridgeAll.lean:22116:21: warning: This simp argument is unused:
  Matrix.cons_val_zero

Hint: Omit it from the simp argument list.
  simp only [̵M̵a̵t̵r̵i̵x̵.̵c̵o̵n̵s̵_̵v̵a̵l̵_̵z̵e̵r̵o̵,̵ ̵M̵a̵t̵r̵i̵x̵.̵c̵o̵n̵s̵_̵v̵a̵l̵_̵o̵n̵e̵,̵[̲M̲a̲t̲r̲i̲x̲.̲c̲o̲n̲s̲_̲v̲a̲l̲_̲o̲n̲e̲,̲ Set.mem_setOf_eq] at hx hy ⊢

Note: This linter can be disabled with `set_option linter.unusedSimpArgs false`
/Users/panda/Desktop/Lean/quick-test/harness/BridgeAll.lean:22116:43: warning: This simp argument is unused:
  Matrix.cons_val_one

Hint: Omit it from the simp argument list.
  simp only [Matrix.cons_val_zero, M̵a̵t̵r̵i̵x̵.̵c̵o̵n̵s̵_̵v̵a̵l̵_̵o̵n̵e̵,̵ ̵Set.mem_setOf_eq] at hx hy ⊢

Note: This linter can be disabled with `set_option linter.unusedSimpArgs false`
/Users/panda/Desktop/Lean/quick-test/harness/BridgeAll.lean:22116:64: warning: This simp argument is unused:
  Set.mem_setOf_eq

Hint: Omit it from the simp argument list.
  simp only [Matrix.cons_val_zero, Matrix.cons_val_one,̵ ̵S̵e̵t̵.̵m̵e̵m̵_̵s̵e̵t̵O̵f̵_̵e̵q̵] at hx hy ⊢

Note: This linter can be disabled with `set_option linter.unusedSimpArgs false`
/Users/panda/Desktop/Lean/quick-test/harness/BridgeAll.lean:22121:19: warning: This simp argument is unused:
  Matrix.cons_val_zero

Hint: Omit it from the simp argument list.
  simp only [̵M̵a̵t̵r̵i̵x̵.̵c̵o̵n̵s̵_̵v̵a̵l̵_̵z̵e̵r̵o̵,̵ ̵M̵a̵t̵r̵i̵x̵.̵c̵o̵n̵s̵_̵v̵a̵l̵_̵o̵n̵e̵,̵[̲M̲a̲t̲r̲i̲x̲.̲c̲o̲n̲s̲_̲v̲a̲l̲_̲o̲n̲e̲,̲ Set.mem_setOf_eq] at hx

Note: This linter can be disabled with `set_option linter.unusedSimpArgs false`
/Users/panda/Desktop/Lean/quick-test/harness/BridgeAll.lean:22121:41: warning: This simp argument is unused:
  Matrix.cons_val_one

Hint: Omit it from the simp argument list.
  simp only [Matrix.cons_val_zero, M̵a̵t̵r̵i̵x̵.̵c̵o̵n̵s̵_̵v̵a̵l̵_̵o̵n̵e̵,̵ ̵Set.mem_setOf_eq] at hx

Note: This linter can be disabled with `set_option linter.unusedSimpArgs false`
/Users/panda/Desktop/Lean/quick-test/harness/BridgeAll.lean:22121:62: warning: This simp argument is unused:
  Set.mem_setOf_eq

Hint: Omit it from the simp argument list.
  simp only [Matrix.cons_val_zero, Matrix.cons_val_one,̵ ̵S̵e̵t̵.̵m̵e̵m̵_̵s̵e̵t̵O̵f̵_̵e̵q̵] at hx

Note: This linter can be disabled with `set_option linter.unusedSimpArgs false`
/Users/panda/Desktop/Lean/quick-test/harness/BridgeAll.lean:22122:14: warning: This simp argument is unused:
  Fin.sum_univ_one

Hint: Omit it from the simp argument list.
  simp [F̵i̵n̵.̵s̵u̵m̵_̵u̵n̵i̵v̵_̵o̵n̵e̵,̵ ̵hf]

Note: This linter can be disabled with `set_option linter.unusedSimpArgs false`
/Users/panda/Desktop/Lean/quick-test/harness/BridgeAll.lean:22151:8: warning: declaration uses 'sorry'
@@BRIDGE Bridge_095_096 cpwl=SORRY_NE relun=PROVED depth=PROVED statement=SORRY
/Users/panda/Desktop/Lean/quick-test/harness/BridgeAll.lean:22165:23: warning: unused variable `hn`

Note: This linter can be disabled with `set_option linter.unusedVariables false`
/Users/panda/Desktop/Lean/quick-test/harness/BridgeAll.lean:22205:8: warning: declaration uses 'sorry'
/Users/panda/Desktop/Lean/quick-test/harness/BridgeAll.lean:22211:8: warning: declaration uses 'sorry'
@@BRIDGE Bridge_096_097 cpwl=PROVED relun=SORRY depth=PROVED statement=SORRY
/Users/panda/Desktop/Lean/quick-test/harness/BridgeAll.lean:22223:23: warning: unused variable `hn`

Note: This linter can be disabled with `set_option linter.unusedVariables false`
/Users/panda/Desktop/Lean/quick-test/harness/BridgeAll.lean:22244:36: error: linarith failed to find a contradiction
case h.mp.h
x : Fin 1 → ℝ
h : x ∈ ![{x | x 0 ≤ 0}, {x | 0 ≤ x 0}] ⟨1, ⋯⟩
a✝ : 0 < -x 0
⊢ False
failed
/Users/panda/Desktop/Lean/quick-test/harness/BridgeAll.lean:22244:36: error: linarith failed to find a contradiction
case h.mpr
x : Fin 1 → ℝ
h : -x 0 ≤ 0
⊢ False
failed
/Users/panda/Desktop/Lean/quick-test/harness/BridgeAll.lean:22253:74: error: Application type mismatch: The argument
  hx
has type
  x ∈ ![{x | x 0 ≤ 0}, {x | 0 ≤ x 0}] ⟨0, ⋯⟩
but is expected to have type
  ?m.676 ≤ ?m.675
in the application
  max_eq_left hx
/Users/panda/Desktop/Lean/quick-test/harness/BridgeAll.lean:22251:4: error: unsolved goals
case refine_3.«0»
x : Fin 1 → ℝ
hx : x ∈ ![{x | x 0 ≤ 0}, {x | 0 ≤ x 0}] ⟨0, ⋯⟩
⊢ x 0 ≤ 0
/Users/panda/Desktop/Lean/quick-test/harness/BridgeAll.lean:22256:75: error: Application type mismatch: The argument
  hx
has type
  x ∈ ![{x | x 0 ≤ 0}, {x | 0 ≤ x 0}] ⟨1, ⋯⟩
but is expected to have type
  ?m.682 ≤ ?m.683
in the application
  max_eq_right hx
/Users/panda/Desktop/Lean/quick-test/harness/BridgeAll.lean:22254:4: error: unsolved goals
case refine_3.«1»
x : Fin 1 → ℝ
hx : x ∈ ![{x | x 0 ≤ 0}, {x | 0 ≤ x 0}] ⟨1, ⋯⟩
⊢ 0 ≤ x 0
/Users/panda/Desktop/Lean/quick-test/harness/BridgeAll.lean:22239:19: warning: This simp argument is unused:
  Matrix.cons_val_zero

Hint: Omit it from the simp argument list.
  simp only ̵[̵M̵a̵t̵r̵i̵x̵.̵c̵o̵n̵s̵_̵v̵a̵l̵_̵z̵e̵r̵o̵]̵

Note: This linter can be disabled with `set_option linter.unusedSimpArgs false`
/Users/panda/Desktop/Lean/quick-test/harness/BridgeAll.lean:22240:21: warning: This simp argument is unused:
  Fin.sum_univ_one

Hint: Omit it from the simp argument list.
  simp [F̵i̵n̵.̵s̵u̵m̵_̵u̵n̵i̵v̵_̵o̵n̵e̵,̵ ̵forall_const]

Note: This linter can be disabled with `set_option linter.unusedSimpArgs false`
/Users/panda/Desktop/Lean/quick-test/harness/BridgeAll.lean:22242:19: warning: This simp argument is unused:
  Matrix.cons_val_one

Hint: Omit it from the simp argument list.
  simp only [Matrix.c̵o̵n̵s̵_̵v̵a̵l̵_̵o̵n̵e̵,̵ ̵M̵a̵t̵r̵i̵x̵.̵head_cons]

Note: This linter can be disabled with `set_option linter.unusedSimpArgs false`
/Users/panda/Desktop/Lean/quick-test/harness/BridgeAll.lean:22242:40: warning: This simp argument is unused:
  Matrix.head_cons

Hint: Omit it from the simp argument list.
  simp only [Matrix.cons_val_one,̵ ̵M̵a̵t̵r̵i̵x̵.̵h̵e̵a̵d̵_̵c̵o̵n̵s̵]

Note: This linter can be disabled with `set_option linter.unusedSimpArgs false`
/Users/panda/Desktop/Lean/quick-test/harness/BridgeAll.lean:22252:17: warning: This simp argument is unused:
  Matrix.cons_val_zero

Hint: Omit it from the simp argument list.
  simp only [̵M̵a̵t̵r̵i̵x̵.̵c̵o̵n̵s̵_̵v̵a̵l̵_̵z̵e̵r̵o̵]̵ ̵at hx ⊢

Note: This linter can be disabled with `set_option linter.unusedSimpArgs false`
/Users/panda/Desktop/Lean/quick-test/harness/BridgeAll.lean:22253:44: warning: This simp argument is unused:
  Fin.sum_univ_one

Hint: Omit it from the simp argument list.
  simp [reluFn, Agent098.AffineFn.eval, F̵i̵n̵.̵s̵u̵m̵_̵u̵n̵i̵v̵_̵o̵n̵e̵,̵ ̵max_eq_left hx]

Note: This linter can be disabled with `set_option linter.unusedSimpArgs false`
/Users/panda/Desktop/Lean/quick-test/harness/BridgeAll.lean:22255:17: warning: This simp argument is unused:
  Matrix.cons_val_one

Hint: Omit it from the simp argument list.
  simp only [Matrix.c̵o̵n̵s̵_̵v̵a̵l̵_̵o̵n̵e̵,̵ ̵M̵a̵t̵r̵i̵x̵.̵head_cons] at hx ⊢

Note: This linter can be disabled with `set_option linter.unusedSimpArgs false`
/Users/panda/Desktop/Lean/quick-test/harness/BridgeAll.lean:22255:38: warning: This simp argument is unused:
  Matrix.head_cons

Hint: Omit it from the simp argument list.
  simp only [Matrix.cons_val_one,̵ ̵M̵a̵t̵r̵i̵x̵.̵h̵e̵a̵d̵_̵c̵o̵n̵s̵] at hx ⊢

Note: This linter can be disabled with `set_option linter.unusedSimpArgs false`
/Users/panda/Desktop/Lean/quick-test/harness/BridgeAll.lean:22256:44: warning: This simp argument is unused:
  Fin.sum_univ_one

Hint: Omit it from the simp argument list.
  simp [reluFn, Agent098.AffineFn.eval, F̵i̵n̵.̵s̵u̵m̵_̵u̵n̵i̵v̵_̵o̵n̵e̵,̵ ̵max_eq_right hx]

Note: This linter can be disabled with `set_option linter.unusedSimpArgs false`
/Users/panda/Desktop/Lean/quick-test/harness/BridgeAll.lean:22301:8: warning: declaration uses 'sorry'
/Users/panda/Desktop/Lean/quick-test/harness/BridgeAll.lean:22309:8: warning: declaration uses 'sorry'
@@BRIDGE Bridge_097_098 cpwl=SORRY_NE relun=SORRY depth=PROVED statement=SORRY
/Users/panda/Desktop/Lean/quick-test/harness/BridgeAll.lean:22327:23: warning: unused variable `hn`

Note: This linter can be disabled with `set_option linter.unusedVariables false`
/Users/panda/Desktop/Lean/quick-test/harness/BridgeAll.lean:22340:49: error: linarith failed to find a contradiction
case mp.h
x : Fin 1 → ℝ
h : x ∈ {x | 0 ≤ x 0}
i : Fin 1
a✝ : 0 < -1 * x 0
⊢ False
failed
/Users/panda/Desktop/Lean/quick-test/harness/BridgeAll.lean:22341:69: error: linarith failed to find a contradiction
case mpr
x : Fin 1 → ℝ
h : x ∈ {x | ∀ (i : Fin 1), ∑ j, (fun x x_1 => -1) i j * x j ≤ (fun x => 0) i}
h0 : -1 * x 0 ≤ 0
⊢ False
failed
/Users/panda/Desktop/Lean/quick-test/harness/BridgeAll.lean:22345:49: error: linarith failed to find a contradiction
case mp.h
hp0 : Agent098.IsPolyhedron 1 {x | 0 ≤ x 0}
x : Fin 1 → ℝ
h : x ∈ {x | x 0 ≤ 0}
i : Fin 1
a✝ : 0 < 1 * x 0
⊢ False
failed
/Users/panda/Desktop/Lean/quick-test/harness/BridgeAll.lean:22346:69: error: linarith failed to find a contradiction
case mpr
hp0 : Agent098.IsPolyhedron 1 {x | 0 ≤ x 0}
x : Fin 1 → ℝ
h : x ∈ {x | ∀ (i : Fin 1), ∑ j, (fun x x_1 => 1) i j * x j ≤ (fun x => 0) i}
h0 : 1 * x 0 ≤ 0
⊢ False
failed
/Users/panda/Desktop/Lean/quick-test/harness/BridgeAll.lean:22352:38: error: Function expected at
  x
but this term has type
  ?m.188

Note: Expected a function because this term is being applied to the argument
  0
/Users/panda/Desktop/Lean/quick-test/harness/BridgeAll.lean:22355:12: error: Tactic `rewrite` failed: Did not find an occurrence of the pattern
  if i = 0 then ?m.223 else ?m.224
in the target expression
  Agent098.IsPolyhedron 1 ((fun i => if i = 0 then {x | 0 ≤ x 0} else {x | x 0 ≤ 0}) i)

case pos
hp0 : Agent098.IsPolyhedron 1 {x | 0 ≤ x 0}
hp1 : Agent098.IsPolyhedron 1 {x | x 0 ≤ 0}
i : Fin 2
hi : i = 0
⊢ Agent098.IsPolyhedron 1 ((fun i => if i = 0 then {x | 0 ≤ x 0} else {x | x 0 ≤ 0}) i)
/Users/panda/Desktop/Lean/quick-test/harness/BridgeAll.lean:22356:12: error: Tactic `rewrite` failed: Did not find an occurrence of the pattern
  if i = 0 then ?m.228 else ?m.229
in the target expression
  Agent098.IsPolyhedron 1 ((fun i => if i = 0 then {x | 0 ≤ x 0} else {x | x 0 ≤ 0}) i)

case neg
hp0 : Agent098.IsPolyhedron 1 {x | 0 ≤ x 0}
hp1 : Agent098.IsPolyhedron 1 {x | x 0 ≤ 0}
i : Fin 2
hi : ¬i = 0
⊢ Agent098.IsPolyhedron 1 ((fun i => if i = 0 then {x | 0 ≤ x 0} else {x | x 0 ≤ 0}) i)
/Users/panda/Desktop/Lean/quick-test/harness/BridgeAll.lean:22362:12: error: Tactic `rewrite` failed: Did not find an occurrence of the pattern
  if i = 0 then ?m.320 else ?m.321
in the target expression
  x ∈ (fun i => if i = 0 then {x | 0 ≤ x 0} else {x | x 0 ≤ 0}) i

case pos
hp0 : Agent098.IsPolyhedron 1 {x | 0 ≤ x 0}
hp1 : Agent098.IsPolyhedron 1 {x | x 0 ≤ 0}
i : Fin 2
x : Fin 1 → ℝ
hx : x ∈ (fun i => if i = 0 then {x | 0 ≤ x 0} else {x | x 0 ≤ 0}) i
hi : i = 0
⊢ relu1 x = ((fun i => if i = 0 then { a := fun x => 1, b := 0 } else { a := fun x => 0, b := 0 }) i).eval x
/Users/panda/Desktop/Lean/quick-test/harness/BridgeAll.lean:22367:12: error: Tactic `rewrite` failed: Did not find an occurrence of the pattern
  if i = 0 then ?m.325 else ?m.326
in the target expression
  x ∈ (fun i => if i = 0 then {x | 0 ≤ x 0} else {x | x 0 ≤ 0}) i

case neg
hp0 : Agent098.IsPolyhedron 1 {x | 0 ≤ x 0}
hp1 : Agent098.IsPolyhedron 1 {x | x 0 ≤ 0}
i : Fin 2
x : Fin 1 → ℝ
hx : x ∈ (fun i => if i = 0 then {x | 0 ≤ x 0} else {x | x 0 ≤ 0}) i
hi : ¬i = 0
⊢ relu1 x = ((fun i => if i = 0 then { a := fun x => 1, b := 0 } else { a := fun x => 0, b := 0 }) i).eval x
/Users/panda/Desktop/Lean/quick-test/harness/BridgeAll.lean:22386:67: warning: This simp argument is unused:
  Fin.sum_univ_one

Hint: Omit it from the simp argument list.
  simp [pt,̵ ̵F̵i̵n̵.̵s̵u̵m̵_̵u̵n̵i̵v̵_̵o̵n̵e̵]

Note: This linter can be disabled with `set_option linter.unusedSimpArgs false`
/Users/panda/Desktop/Lean/quick-test/harness/BridgeAll.lean:22410:8: warning: declaration uses 'sorry'
/Users/panda/Desktop/Lean/quick-test/harness/BridgeAll.lean:22417:8: warning: declaration uses 'sorry'
@@BRIDGE Bridge_098_099 cpwl=SORRY_NE relun=SORRY depth=PROVED statement=SORRY
/Users/panda/Desktop/Lean/quick-test/harness/BridgeAll.lean:22445:57: error(lean.unknownIdentifier): Unknown constant `Matrix.dotProduct`
/Users/panda/Desktop/Lean/quick-test/harness/BridgeAll.lean:22442:2: error: unsolved goals
case mp
n : ℕ
g : (Fin n → ℝ) → ℝ
a : Fin n → ℝ
b : ℝ
hab : ∀ (x : Fin n → ℝ), g x = ∑ i, a i * x i + b
x : Fin n → ℝ
⊢ ∑ i, a i * x i = (fun j => a j) ⬝ᵥ x
/Users/panda/Desktop/Lean/quick-test/harness/BridgeAll.lean:22449:58: error(lean.unknownIdentifier): Unknown constant `Matrix.dotProduct`
/Users/panda/Desktop/Lean/quick-test/harness/BridgeAll.lean:22468:23: warning: unused variable `hn`

Note: This linter can be disabled with `set_option linter.unusedVariables false`
/Users/panda/Desktop/Lean/quick-test/harness/BridgeAll.lean:22477:8: warning: declaration uses 'sorry'
/Users/panda/Desktop/Lean/quick-test/harness/BridgeAll.lean:22485:8: warning: declaration uses 'sorry'
@@BRIDGE Bridge_099_100 cpwl=SORRY relun=SORRY depth=PROVED statement=SORRY
